User_ID,Age,Gender,City_From,City_To,Journey_Companion_Found,Satisfaction,Engagement_Level
1,33,Male,Delhi,Bangalore,1,4,Low
2,45,Male,Mumbai,Bangalore,1,4,High
3,20,Female,Bangalore,Delhi,0,1,Medium
4,42,Male,Delhi,Bangalore,1,4,High
5,35,Male,Delhi,Bangalore,0,5,High
6,23,Male,Bangalore,Pune,0,2,Medium
7,38,Male,Delhi,Delhi,0,4,Medium
8,26,Male,Bangalore,Bangalore,0,3,Low
9,45,Male,Delhi,Pune,0,5,Low
10,43,Male,Mumbai,Delhi,1,1,Low
11,18,Male,Delhi,Bangalore,1,3,Low
12,52,Female,Delhi,Pune,1,3,Medium
13,20,Female,Bangalore,Pune,1,5,Low
14,48,Female,Bangalore,Pune,1,2,Low
15,48,Male,Mumbai,Delhi,1,2,Low
16,41,Female,Mumbai,Pune,1,3,Low
17,60,Female,Bangalore,Pune,0,3,Medium
18,36,Male,Delhi,Delhi,1,5,Low
19,23,Male,Mumbai,Bangalore,1,1,Medium
20,48,Male,Delhi,Bangalore,0,2,Low
21,26,Female,Delhi,Bangalore,1,4,Medium
22,29,Male,Mumbai,Delhi,0,2,Medium
23,59,Female,Mumbai,Bangalore,0,1,Medium
24,43,Female,Mumbai,Delhi,1,4,High
25,41,Female,Mumbai,Delhi,0,4,Medium
26,41,Female,Mumbai,Pune,0,3,Medium
27,38,Female,Delhi,Bangalore,1,2,High
28,31,Male,Mumbai,Bangalore,1,4,High
29,18,Male,Mumbai,Delhi,0,5,Medium
30,27,Female,Bangalore,Pune,1,1,High
31,18,Female,Bangalore,Delhi,0,1,Low
32,40,Female,Delhi,Pune,0,2,Medium
33,19,Female,Delhi,Delhi,0,3,Medium
34,42,Female,Bangalore,Bangalore,1,5,High
35,44,Female,Bangalore,Pune,1,4,Medium
36,27,Female,Delhi,Pune,1,2,High
37,26,Female,Bangalore,Pune,0,5,High
38,20,Male,Bangalore,Bangalore,0,2,Medium
39,58,Male,Bangalore,Delhi,1,2,Medium
40,27,Female,Delhi,Bangalore,1,5,Low
41,42,Male,Bangalore,Delhi,1,5,High
42,53,Female,Mumbai,Delhi,1,4,Low
43,47,Female,Mumbai,Pune,1,5,Low
44,44,Male,Delhi,Pune,0,3,High
45,57,Female,Mumbai,Delhi,0,2,Medium
46,54,Female,Bangalore,Bangalore,1,3,Low
47,37,Female,Bangalore,Pune,1,1,High
48,42,Female,Bangalore,Bangalore,1,5,Low
49,37,Female,Delhi,Delhi,1,2,Low
50,29,Male,Delhi,Bangalore,1,3,Low
51,37,Male,Bangalore,Bangalore,1,4,High
52,35,Male,Bangalore,Delhi,0,3,Low
53,41,Male,Delhi,Bangalore,0,3,Medium
54,28,Male,Bangalore,Bangalore,1,2,Medium
55,49,Male,Mumbai,Delhi,1,4,Medium
56,22,Female,Delhi,Delhi,1,1,High
57,30,Male,Delhi,Delhi,1,5,Medium
58,21,Male,Bangalore,Pune,1,5,Low
59,27,Male,Bangalore,Bangalore,1,3,Medium
60,22,Female,Mumbai,Bangalore,1,5,High
61,30,Male,Delhi,Delhi,0,5,High
62,51,Male,Delhi,Pune,1,1,High
63,35,Male,Mumbai,Pune,1,1,Medium
64,37,Male,Bangalore,Bangalore,1,2,Medium
65,45,Female,Mumbai,Bangalore,0,2,Medium
66,59,Female,Delhi,Pune,1,4,Medium
67,50,Female,Mumbai,Pune,0,5,High
68,32,Female,Delhi,Delhi,1,5,High
69,58,Female,Delhi,Pune,0,3,Medium
70,43,Male,Mumbai,Pune,1,3,Medium
71,37,Female,Delhi,Bangalore,0,3,High
72,55,Male,Bangalore,Pune,1,2,Low
73,47,Female,Delhi,Delhi,0,1,Low
74,49,Female,Mumbai,Bangalore,0,5,Medium
75,34,Male,Bangalore,Pune,1,1,Low
76,46,Male,Delhi,Pune,0,2,High
77,51,Female,Delhi,Bangalore,0,3,Medium
78,43,Female,Bangalore,Bangalore,1,3,Medium
79,54,Male,Mumbai,Bangalore,1,2,Low
80,56,Female,Mumbai,Bangalore,1,1,Low
81,22,Female,Mumbai,Pune,1,2,Medium
82,47,Female,Mumbai,Delhi,1,1,Low
83,59,Female,Delhi,Bangalore,1,5,Medium
84,37,Male,Mumbai,Bangalore,1,5,High
85,37,Female,Bangalore,Delhi,0,2,Medium
86,37,Female,Bangalore,Bangalore,0,5,Medium
87,37,Female,Mumbai,Delhi,1,5,Medium
88,22,Male,Mumbai,Delhi,1,3,Low
89,45,Male,Bangalore,Delhi,0,1,Low
90,31,Female,Delhi,Bangalore,1,4,High
91,31,Male,Mumbai,Pune,1,1,High
92,60,Female,Bangalore,Delhi,0,2,Medium
93,46,Male,Bangalore,Delhi,0,2,High
94,55,Female,Bangalore,Delhi,1,1,High
95,19,Male,Mumbai,Delhi,0,3,Medium
96,58,Male,Delhi,Delhi,1,2,High
97,42,Female,Bangalore,Bangalore,0,3,Low
98,44,Male,Bangalore,Pune,1,3,Medium
99,24,Male,Delhi,Bangalore,1,5,Low
100,40,Female,Bangalore,Delhi,0,2,Low
101,31,Male,Mumbai,Bangalore,1,3,High
102,31,Female,Bangalore,Delhi,1,2,Medium
103,25,Male,Delhi,Delhi,1,2,High
104,32,Male,Bangalore,Bangalore,1,4,High
105,27,Male,Bangalore,Bangalore,1,2,High
106,54,Female,Delhi,Pune,1,4,Low
107,25,Female,Delhi,Pune,1,3,Medium
108,20,Female,Delhi,Pune,1,1,High
109,26,Female,Delhi,Pune,0,3,Low
110,26,Female,Bangalore,Bangalore,0,5,High
111,25,Male,Mumbai,Delhi,0,4,Low
112,24,Male,Bangalore,Bangalore,1,2,Low
113,53,Female,Delhi,Pune,0,5,Medium
114,43,Male,Bangalore,Bangalore,1,3,Medium
115,28,Male,Mumbai,Bangalore,0,4,Low
116,32,Male,Delhi,Bangalore,0,2,Medium
117,26,Female,Mumbai,Bangalore,0,1,Low
118,44,Female,Bangalore,Delhi,0,3,High
119,37,Male,Mumbai,Bangalore,1,4,Medium
120,27,Female,Bangalore,Delhi,1,3,High
121,22,Female,Delhi,Delhi,0,3,Medium
122,18,Male,Delhi,Pune,0,4,Medium
123,18,Male,Bangalore,Bangalore,0,3,Low
124,48,Female,Mumbai,Pune,1,3,Low
125,21,Male,Mumbai,Pune,1,5,Medium
126,51,Male,Mumbai,Pune,0,3,Low
127,52,Male,Mumbai,Pune,0,5,High
128,27,Male,Delhi,Bangalore,1,2,High
129,60,Female,Bangalore,Bangalore,0,4,High
130,43,Female,Mumbai,Delhi,0,4,High
131,53,Female,Bangalore,Delhi,0,2,Low
132,42,Female,Mumbai,Pune,1,4,High
133,60,Male,Mumbai,Pune,1,5,Low
134,49,Female,Mumbai,Delhi,1,5,Low
135,19,Female,Bangalore,Pune,0,5,Low
136,55,Male,Bangalore,Pune,0,4,High
137,45,Male,Delhi,Delhi,1,3,Low
138,57,Female,Bangalore,Pune,1,5,Medium
139,32,Male,Mumbai,Pune,1,5,Medium
140,48,Male,Delhi,Bangalore,1,3,Low
141,27,Male,Bangalore,Bangalore,1,5,Medium
142,27,Male,Delhi,Bangalore,0,4,High
143,39,Female,Bangalore,Pune,0,3,Low
144,58,Female,Mumbai,Delhi,0,2,Medium
145,55,Female,Delhi,Delhi,0,1,Medium
146,55,Male,Delhi,Bangalore,0,4,Medium
147,47,Female,Bangalore,Delhi,1,2,Medium
148,19,Female,Mumbai,Delhi,0,5,High
149,23,Male,Mumbai,Pune,1,3,High
150,48,Male,Mumbai,Delhi,1,1,Medium
151,50,Female,Bangalore,Bangalore,1,3,Medium
152,60,Male,Mumbai,Pune,1,5,Medium
153,24,Male,Delhi,Delhi,0,2,Low
154,38,Male,Bangalore,Delhi,1,3,High
155,51,Female,Bangalore,Bangalore,0,4,Low
156,47,Male,Mumbai,Bangalore,0,3,Medium
157,56,Female,Delhi,Pune,1,4,Low
158,45,Female,Mumbai,Bangalore,1,4,Low
159,43,Male,Bangalore,Bangalore,0,3,High
160,37,Male,Delhi,Bangalore,0,4,Low
161,43,Female,Delhi,Bangalore,0,2,Low
162,19,Male,Delhi,Pune,0,2,High
163,20,Male,Bangalore,Pune,0,4,Medium
164,33,Male,Bangalore,Pune,1,1,Low
165,25,Male,Mumbai,Delhi,1,4,Medium
166,60,Male,Delhi,Bangalore,1,4,Medium
167,58,Male,Delhi,Pune,1,2,Low
168,32,Male,Delhi,Delhi,1,4,Low
169,47,Female,Delhi,Bangalore,0,1,High
170,19,Male,Bangalore,Delhi,1,5,Low
171,45,Female,Delhi,Delhi,1,5,High
172,59,Male,Mumbai,Pune,1,5,Low
173,39,Female,Delhi,Pune,0,4,Low
174,20,Male,Delhi,Bangalore,1,3,High
175,27,Male,Bangalore,Bangalore,1,5,Medium
176,57,Female,Mumbai,Pune,0,2,High
177,41,Male,Delhi,Pune,1,3,Low
178,55,Female,Bangalore,Delhi,0,3,Low
179,52,Female,Delhi,Bangalore,0,3,Medium
180,41,Female,Bangalore,Delhi,1,2,Medium
181,50,Female,Bangalore,Bangalore,0,3,Low
182,45,Male,Bangalore,Delhi,1,1,Medium
183,18,Female,Delhi,Delhi,0,4,Low
184,49,Male,Bangalore,Pune,0,2,Low
185,27,Male,Delhi,Bangalore,0,1,Medium
186,57,Male,Bangalore,Pune,0,5,Medium
187,39,Female,Mumbai,Bangalore,1,1,Medium
188,34,Male,Bangalore,Pune,1,2,Medium
189,57,Female,Bangalore,Pune,0,5,High
190,40,Male,Bangalore,Pune,1,5,Medium
191,18,Male,Delhi,Bangalore,1,5,Medium
192,32,Female,Delhi,Bangalore,1,3,Medium
193,57,Male,Bangalore,Delhi,1,1,High
194,18,Male,Delhi,Pune,1,1,High
195,20,Male,Delhi,Bangalore,1,3,Medium
196,31,Female,Bangalore,Pune,1,1,High
197,30,Female,Mumbai,Pune,1,4,High
198,51,Female,Bangalore,Bangalore,0,3,Medium
199,29,Female,Delhi,Delhi,1,2,High
200,25,Male,Bangalore,Pune,1,1,Low
201,48,Female,Bangalore,Delhi,0,5,High
202,52,Male,Bangalore,Pune,0,3,High
203,56,Female,Bangalore,Delhi,0,3,Medium
204,53,Male,Bangalore,Pune,1,1,Medium
205,45,Female,Bangalore,Bangalore,0,1,Medium
206,40,Female,Bangalore,Bangalore,1,5,High
207,35,Male,Mumbai,Delhi,0,1,High
208,56,Male,Delhi,Pune,1,2,Medium
209,30,Male,Delhi,Bangalore,0,1,High
210,50,Female,Mumbai,Delhi,1,2,High
211,40,Male,Mumbai,Pune,0,3,Medium
212,52,Female,Mumbai,Delhi,1,5,Low
213,19,Male,Bangalore,Delhi,1,5,High
214,25,Male,Bangalore,Delhi,0,3,Medium
215,19,Male,Mumbai,Delhi,0,2,Low
216,60,Female,Mumbai,Delhi,0,3,Medium
217,43,Female,Mumbai,Pune,1,1,Medium
218,59,Male,Delhi,Delhi,0,5,High
219,37,Female,Mumbai,Pune,0,1,Medium
220,31,Male,Bangalore,Delhi,0,1,Low
221,47,Female,Mumbai,Delhi,0,1,Low
222,31,Female,Mumbai,Bangalore,0,4,High
223,30,Male,Delhi,Bangalore,0,2,High
224,33,Female,Mumbai,Delhi,0,1,High
225,57,Male,Bangalore,Bangalore,1,4,Medium
226,47,Female,Mumbai,Bangalore,1,4,Low
227,53,Female,Delhi,Pune,1,3,Low
228,25,Female,Mumbai,Pune,1,4,High
229,36,Male,Bangalore,Bangalore,1,3,Medium
230,31,Female,Delhi,Delhi,1,4,Medium
231,22,Male,Delhi,Bangalore,1,2,Medium
232,20,Male,Bangalore,Bangalore,0,5,Low
233,19,Male,Delhi,Delhi,0,2,Medium
234,34,Female,Mumbai,Delhi,0,2,High
235,22,Female,Mumbai,Pune,1,5,High
236,52,Male,Delhi,Delhi,0,1,Medium
237,54,Female,Mumbai,Delhi,1,4,Low
238,24,Male,Bangalore,Pune,1,1,High
239,51,Female,Delhi,Bangalore,0,4,Low
240,46,Male,Mumbai,Delhi,0,3,High
241,27,Male,Mumbai,Delhi,1,5,Low
242,52,Female,Mumbai,Pune,1,4,Low
243,34,Female,Delhi,Pune,1,4,High
244,37,Male,Bangalore,Pune,1,1,High
245,28,Female,Delhi,Delhi,1,2,High
246,43,Male,Mumbai,Bangalore,1,2,Low
247,21,Female,Delhi,Delhi,0,1,High
248,31,Female,Mumbai,Bangalore,0,5,Low
249,47,Female,Bangalore,Bangalore,1,5,High
250,28,Female,Mumbai,Delhi,0,4,Medium
251,27,Female,Mumbai,Delhi,0,2,Medium
252,22,Male,Delhi,Delhi,1,1,High
253,24,Female,Delhi,Bangalore,1,2,High
254,46,Male,Bangalore,Pune,0,3,Medium
255,35,Female,Mumbai,Pune,1,2,Medium
256,49,Male,Delhi,Pune,0,1,Medium
257,44,Female,Delhi,Pune,1,3,Medium
258,51,Male,Delhi,Pune,0,2,Medium
259,19,Female,Mumbai,Bangalore,1,5,Low
260,57,Male,Bangalore,Delhi,1,1,Low
261,26,Male,Delhi,Pune,1,3,Medium
262,54,Female,Mumbai,Pune,1,2,Medium
263,47,Male,Mumbai,Bangalore,0,4,Medium
264,51,Female,Mumbai,Delhi,1,5,High
265,30,Female,Delhi,Bangalore,0,4,Medium
266,54,Male,Mumbai,Pune,1,5,Low
267,60,Male,Mumbai,Delhi,1,5,Medium
268,55,Female,Delhi,Delhi,1,1,Medium
269,47,Male,Delhi,Pune,1,4,Low
270,54,Female,Bangalore,Delhi,1,4,High
271,51,Male,Bangalore,Bangalore,0,1,Medium
272,28,Female,Mumbai,Pune,0,4,High
273,55,Male,Delhi,Bangalore,1,1,Medium
274,35,Female,Mumbai,Pune,1,5,High
275,56,Female,Bangalore,Bangalore,1,4,High
276,59,Male,Mumbai,Delhi,0,1,Medium
277,29,Female,Mumbai,Pune,0,2,Low
278,35,Male,Mumbai,Pune,1,1,High
279,28,Male,Bangalore,Delhi,1,5,Medium
280,23,Male,Mumbai,Delhi,1,1,Low
281,28,Female,Mumbai,Delhi,1,5,High
282,40,Male,Mumbai,Bangalore,1,4,Medium
283,47,Male,Delhi,Bangalore,0,2,Medium
284,29,Male,Bangalore,Pune,1,3,Medium
285,56,Female,Mumbai,Delhi,0,2,Medium
286,18,Male,Delhi,Pune,1,4,Medium
287,56,Female,Bangalore,Delhi,1,1,High
288,55,Male,Mumbai,Delhi,1,2,Low
289,23,Male,Bangalore,Bangalore,0,2,Medium
290,39,Female,Bangalore,Pune,0,4,Low
291,54,Female,Mumbai,Pune,1,2,Medium
292,45,Male,Mumbai,Pune,0,5,High
293,44,Male,Mumbai,Delhi,1,5,Medium
294,57,Male,Delhi,Pune,0,4,High
295,39,Female,Bangalore,Bangalore,1,1,Low
296,29,Female,Delhi,Bangalore,0,5,Medium
297,52,Female,Delhi,Delhi,0,4,Medium
298,55,Male,Delhi,Bangalore,0,3,Medium
299,55,Male,Mumbai,Pune,0,1,High
300,30,Female,Delhi,Delhi,0,3,High
301,40,Female,Mumbai,Pune,0,3,Medium
302,48,Female,Delhi,Bangalore,1,2,Low
303,19,Female,Bangalore,Pune,1,3,High
304,35,Male,Bangalore,Delhi,0,2,Medium
305,52,Male,Delhi,Pune,0,3,Low
306,47,Female,Bangalore,Pune,0,4,Medium
307,39,Female,Mumbai,Bangalore,1,1,High
308,35,Male,Delhi,Bangalore,1,5,Low
309,36,Female,Bangalore,Bangalore,0,2,Medium
310,40,Male,Mumbai,Pune,0,3,Low
311,25,Male,Mumbai,Bangalore,1,1,Medium
312,41,Male,Mumbai,Bangalore,1,5,Low
313,25,Female,Bangalore,Bangalore,0,1,High
314,28,Male,Delhi,Bangalore,1,3,Medium
315,18,Male,Mumbai,Pune,1,5,High
316,47,Female,Bangalore,Delhi,0,3,Low
317,51,Female,Mumbai,Delhi,0,1,Low
318,22,Female,Delhi,Pune,1,2,Low
319,42,Female,Delhi,Bangalore,1,4,High
320,29,Female,Mumbai,Pune,0,4,Low
321,29,Female,Bangalore,Pune,0,4,Medium
322,48,Male,Delhi,Pune,1,5,High
323,21,Female,Bangalore,Delhi,1,2,Low
324,60,Male,Mumbai,Bangalore,1,1,High
325,42,Female,Bangalore,Bangalore,0,4,High
326,30,Female,Mumbai,Pune,1,2,Medium
327,19,Male,Delhi,Delhi,0,3,High
328,27,Female,Bangalore,Pune,0,3,Low
329,36,Female,Mumbai,Delhi,0,1,Low
330,38,Male,Bangalore,Bangalore,1,1,Low
331,58,Female,Bangalore,Delhi,0,3,Medium
332,28,Female,Bangalore,Pune,1,5,Low
333,50,Female,Bangalore,Bangalore,1,3,High
334,43,Male,Mumbai,Pune,0,3,Low
335,45,Female,Mumbai,Delhi,0,1,Medium
336,19,Male,Bangalore,Delhi,1,4,Low
337,50,Female,Delhi,Bangalore,0,1,Low
338,20,Male,Mumbai,Delhi,0,1,Medium
339,52,Female,Mumbai,Delhi,0,3,Medium
340,46,Male,Bangalore,Delhi,1,3,High
341,60,Female,Delhi,Pune,0,2,Low
342,36,Male,Delhi,Pune,1,1,Medium
343,46,Female,Delhi,Pune,1,2,High
344,58,Male,Bangalore,Bangalore,0,5,Medium
345,44,Male,Bangalore,Pune,1,3,Low
346,43,Female,Mumbai,Delhi,0,3,Medium
347,51,Female,Delhi,Bangalore,0,3,Medium
348,22,Male,Delhi,Bangalore,1,1,Medium
349,26,Male,Delhi,Delhi,0,2,Low
350,42,Female,Delhi,Delhi,1,1,Low
351,19,Male,Delhi,Delhi,0,5,Low
352,38,Female,Delhi,Pune,1,5,High
353,32,Male,Mumbai,Bangalore,1,4,High
354,25,Female,Bangalore,Delhi,0,5,Low
355,23,Male,Delhi,Bangalore,1,5,Low
356,51,Male,Delhi,Bangalore,1,2,High
357,56,Male,Delhi,Bangalore,0,2,High
358,36,Female,Bangalore,Pune,0,3,Low
359,23,Male,Bangalore,Pune,1,4,Medium
360,25,Female,Mumbai,Bangalore,1,3,High
361,27,Female,Delhi,Pune,0,3,Medium
362,39,Female,Mumbai,Pune,1,4,Low
363,21,Female,Mumbai,Bangalore,1,1,Medium
364,25,Female,Mumbai,Bangalore,1,5,Low
365,22,Male,Mumbai,Bangalore,1,2,Medium
366,48,Male,Bangalore,Delhi,0,1,High
367,33,Male,Delhi,Pune,1,5,Low
368,20,Female,Mumbai,Pune,1,2,High
369,40,Female,Delhi,Pune,1,4,High
370,22,Female,Delhi,Pune,1,5,Low
371,31,Male,Bangalore,Pune,1,3,Medium
372,37,Male,Bangalore,Delhi,1,2,Low
373,29,Male,Delhi,Bangalore,1,4,Low
374,21,Male,Mumbai,Pune,1,3,High
375,60,Male,Delhi,Pune,1,4,Low
376,40,Male,Delhi,Bangalore,1,4,Medium
377,45,Female,Delhi,Bangalore,0,5,High
378,34,Male,Mumbai,Bangalore,1,3,High
379,21,Female,Delhi,Pune,0,1,Medium
380,22,Male,Mumbai,Delhi,1,2,High
381,31,Female,Mumbai,Bangalore,1,5,High
382,45,Male,Mumbai,Delhi,1,5,High
383,39,Male,Delhi,Delhi,1,2,High
384,30,Male,Mumbai,Pune,0,3,Low
385,57,Male,Delhi,Bangalore,0,5,Low
386,27,Female,Delhi,Bangalore,0,5,Medium
387,34,Male,Mumbai,Delhi,0,3,High
388,28,Female,Delhi,Bangalore,1,1,Low
389,44,Female,Delhi,Bangalore,0,1,Low
390,46,Female,Delhi,Delhi,1,1,Low
391,52,Female,Bangalore,Bangalore,0,2,Low
392,44,Female,Mumbai,Bangalore,0,4,Medium
393,27,Female,Bangalore,Pune,1,4,Medium
394,47,Female,Mumbai,Bangalore,1,1,High
395,27,Male,Mumbai,Delhi,1,3,Low
396,54,Male,Bangalore,Delhi,1,3,Low
397,39,Male,Mumbai,Pune,1,5,Medium
398,27,Male,Mumbai,Pune,1,5,High
399,59,Male,Mumbai,Pune,0,4,High
400,23,Male,Bangalore,Delhi,0,1,Medium
401,51,Male,Delhi,Bangalore,1,4,High
402,56,Male,Bangalore,Bangalore,0,2,Low
403,24,Male,Mumbai,Delhi,0,4,Low
404,26,Male,Delhi,Pune,0,3,Medium
405,60,Male,Bangalore,Delhi,0,3,Low
406,20,Male,Bangalore,Delhi,1,4,Low
407,45,Female,Mumbai,Bangalore,1,1,Medium
408,29,Male,Delhi,Delhi,0,4,High
409,50,Male,Mumbai,Delhi,0,4,Low
410,39,Female,Mumbai,Bangalore,1,4,Medium
411,29,Female,Delhi,Bangalore,1,3,Low
412,51,Male,Mumbai,Pune,0,3,High
413,48,Female,Mumbai,Delhi,0,5,Medium
414,41,Female,Bangalore,Delhi,1,3,High
415,59,Female,Delhi,Bangalore,1,5,Low
416,46,Female,Delhi,Pune,1,3,High
417,49,Female,Bangalore,Delhi,0,1,Medium
418,22,Male,Mumbai,Delhi,1,3,Medium
419,28,Male,Mumbai,Bangalore,0,5,Medium
420,57,Male,Bangalore,Pune,0,5,Low
421,32,Female,Delhi,Delhi,1,2,Low
422,23,Female,Delhi,Delhi,0,3,Medium
423,20,Male,Delhi,Bangalore,1,5,Low
424,54,Male,Bangalore,Pune,1,4,Medium
425,52,Female,Mumbai,Pune,1,2,Low
426,25,Male,Delhi,Bangalore,0,5,Medium
427,39,Female,Delhi,Pune,1,1,Medium
428,30,Female,Mumbai,Bangalore,1,5,Medium
429,50,Female,Bangalore,Pune,1,4,Low
430,34,Male,Mumbai,Bangalore,0,5,High
431,53,Female,Mumbai,Bangalore,0,4,High
432,43,Male,Bangalore,Pune,0,2,Low
433,33,Male,Bangalore,Delhi,0,4,High
434,58,Female,Mumbai,Bangalore,1,5,High
435,60,Female,Bangalore,Pune,0,4,Medium
436,32,Female,Mumbai,Delhi,0,1,Medium
437,45,Female,Delhi,Bangalore,0,1,Low
438,38,Female,Bangalore,Bangalore,0,3,Low
439,31,Male,Delhi,Pune,1,5,High
440,25,Male,Mumbai,Pune,0,2,High
441,18,Female,Delhi,Pune,1,3,Low
442,57,Male,Bangalore,Bangalore,1,2,Medium
443,20,Female,Delhi,Delhi,1,4,Medium
444,55,Female,Mumbai,Delhi,0,2,High
445,49,Male,Bangalore,Delhi,1,1,Low
446,50,Male,Mumbai,Delhi,1,5,Medium
447,29,Male,Bangalore,Pune,0,4,High
448,36,Male,Mumbai,Delhi,0,3,High
449,54,Female,Bangalore,Delhi,1,3,Low
450,50,Female,Bangalore,Pune,1,4,Low
451,33,Female,Bangalore,Delhi,0,5,Low
452,32,Male,Mumbai,Bangalore,1,4,Low
453,22,Male,Bangalore,Bangalore,0,5,Medium
454,48,Male,Bangalore,Pune,0,4,High
455,38,Male,Bangalore,Pune,1,2,High
456,48,Female,Delhi,Delhi,1,3,Medium
457,29,Female,Delhi,Pune,1,4,Medium
458,47,Female,Mumbai,Bangalore,1,5,High
459,32,Female,Delhi,Pune,0,1,Medium
460,46,Female,Mumbai,Bangalore,0,2,High
461,32,Female,Delhi,Pune,1,4,Medium
462,55,Male,Delhi,Delhi,1,1,Low
463,46,Female,Bangalore,Bangalore,1,1,Low
464,22,Female,Delhi,Delhi,1,4,High
465,31,Male,Delhi,Delhi,1,4,High
466,41,Female,Bangalore,Bangalore,0,4,Low
467,50,Female,Mumbai,Pune,1,3,Medium
468,55,Female,Delhi,Delhi,1,4,High
469,30,Male,Bangalore,Delhi,0,3,High
470,24,Male,Delhi,Pune,1,3,High
471,36,Male,Delhi,Bangalore,0,3,Medium
472,45,Female,Mumbai,Bangalore,0,3,High
473,37,Female,Mumbai,Pune,1,4,Low
474,20,Male,Mumbai,Delhi,1,5,Low
475,23,Female,Bangalore,Pune,1,1,High
476,45,Female,Mumbai,Delhi,1,4,Low
477,28,Female,Mumbai,Bangalore,0,5,Low
478,23,Male,Mumbai,Delhi,1,2,Low
479,29,Male,Delhi,Delhi,0,3,Low
480,60,Female,Bangalore,Bangalore,1,3,High
481,19,Female,Mumbai,Pune,0,3,High
482,56,Female,Bangalore,Delhi,1,2,Low
483,47,Male,Mumbai,Delhi,0,4,High
484,39,Male,Delhi,Pune,0,1,Medium
485,45,Female,Delhi,Pune,1,4,Low
486,48,Female,Delhi,Delhi,1,4,High
487,37,Female,Delhi,Delhi,0,4,High
488,54,Male,Delhi,Delhi,0,5,Medium
489,41,Female,Delhi,Bangalore,1,3,Medium
490,40,Female,Mumbai,Bangalore,0,2,High
491,40,Male,Bangalore,Delhi,1,5,Low
492,19,Female,Delhi,Pune,1,2,High
493,38,Female,Delhi,Pune,1,2,Medium
494,60,Male,Bangalore,Bangalore,1,2,Medium
495,57,Male,Bangalore,Bangalore,1,3,Low
496,26,Female,Delhi,Delhi,1,4,Low
497,49,Male,Delhi,Pune,1,5,Low
498,31,Male,Bangalore,Pune,0,2,Low
499,44,Female,Delhi,Pune,0,5,High
500,42,Female,Mumbai,Pune,1,2,Low
501,42,Female,Mumbai,Pune,1,1,High
502,23,Male,Bangalore,Pune,1,4,Medium
503,44,Male,Delhi,Delhi,0,2,High
504,50,Female,Mumbai,Bangalore,1,1,Medium
505,49,Male,Mumbai,Bangalore,0,3,Medium
506,48,Male,Mumbai,Pune,1,1,Low
507,45,Male,Delhi,Delhi,1,1,Medium
508,37,Male,Mumbai,Bangalore,1,5,High
509,50,Male,Mumbai,Pune,1,2,Medium
510,36,Female,Mumbai,Bangalore,1,4,Low
511,45,Male,Bangalore,Delhi,0,5,Medium
512,44,Male,Delhi,Pune,1,3,High
513,33,Male,Delhi,Delhi,0,1,High
514,40,Female,Mumbai,Bangalore,1,5,High
515,51,Male,Mumbai,Bangalore,1,2,Low
516,47,Male,Mumbai,Delhi,0,5,Medium
517,50,Female,Mumbai,Delhi,0,4,High
518,40,Female,Delhi,Delhi,0,3,Medium
519,19,Male,Mumbai,Bangalore,1,1,High
520,57,Male,Delhi,Bangalore,1,1,Medium
521,20,Female,Bangalore,Delhi,0,2,High
522,26,Male,Mumbai,Pune,0,3,Low
523,60,Female,Bangalore,Pune,1,5,Low
524,21,Male,Delhi,Bangalore,0,4,Medium
525,60,Female,Mumbai,Bangalore,1,1,Low
526,52,Female,Mumbai,Pune,0,3,High
527,22,Female,Bangalore,Pune,1,3,Medium
528,52,Male,Mumbai,Bangalore,1,4,High
529,24,Female,Mumbai,Bangalore,0,5,Medium
530,30,Male,Delhi,Pune,0,3,High
531,57,Female,Delhi,Bangalore,1,2,Low
532,43,Female,Bangalore,Pune,1,1,Low
533,50,Female,Mumbai,Bangalore,1,1,Medium
534,24,Female,Mumbai,Pune,1,5,High
535,30,Male,Delhi,Delhi,1,1,Low
536,41,Female,Bangalore,Bangalore,0,5,Medium
537,24,Female,Delhi,Delhi,1,4,High
538,41,Female,Mumbai,Bangalore,1,3,Low
539,45,Female,Bangalore,Delhi,1,4,Low
540,43,Male,Delhi,Bangalore,0,2,Low
541,41,Female,Bangalore,Delhi,0,2,Medium
542,46,Male,Bangalore,Bangalore,0,3,High
543,52,Male,Bangalore,Pune,1,5,Medium
544,30,Female,Delhi,Bangalore,1,1,Medium
545,53,Female,Mumbai,Bangalore,1,1,Medium
546,19,Male,Mumbai,Bangalore,1,2,Low
547,28,Female,Delhi,Pune,1,5,Low
548,49,Female,Delhi,Delhi,1,5,Low
549,50,Male,Bangalore,Pune,0,2,Medium
550,49,Male,Mumbai,Pune,1,4,High
551,30,Male,Delhi,Delhi,0,2,Medium
552,28,Male,Delhi,Pune,1,1,High
553,39,Female,Mumbai,Pune,1,1,Low
554,40,Male,Mumbai,Pune,0,3,Low
555,52,Male,Delhi,Pune,1,4,Low
556,44,Female,Bangalore,Bangalore,0,5,Low
557,52,Male,Mumbai,Pune,1,2,Low
558,40,Male,Mumbai,Pune,1,2,Low
559,28,Female,Delhi,Bangalore,0,2,Low
560,35,Male,Delhi,Pune,1,2,Medium
561,30,Female,Delhi,Pune,0,2,Low
562,54,Female,Bangalore,Pune,0,4,Medium
563,18,Male,Mumbai,Pune,1,2,High
564,18,Male,Delhi,Delhi,1,3,Low
565,41,Male,Bangalore,Delhi,1,4,High
566,37,Male,Delhi,Delhi,0,1,High
567,39,Male,Delhi,Delhi,1,3,Medium
568,23,Female,Mumbai,Delhi,1,5,High
569,55,Female,Bangalore,Bangalore,0,5,Low
570,28,Female,Bangalore,Pune,1,4,Medium
571,48,Male,Bangalore,Pune,1,1,High
572,21,Male,Mumbai,Bangalore,1,2,High
573,52,Male,Bangalore,Delhi,0,4,Medium
574,56,Male,Bangalore,Delhi,0,4,Low
575,51,Female,Bangalore,Pune,1,3,Low
576,56,Male,Delhi,Pune,1,2,High
577,32,Female,Delhi,Bangalore,1,2,Medium
578,47,Female,Mumbai,Pune,1,2,High
579,45,Male,Mumbai,Pune,1,3,High
580,25,Female,Bangalore,Pune,0,3,Low
581,24,Male,Mumbai,Bangalore,1,5,Low
582,41,Male,Mumbai,Bangalore,1,5,High
583,51,Male,Delhi,Bangalore,1,5,High
584,56,Female,Delhi,Delhi,1,2,High
585,57,Female,Mumbai,Pune,0,1,High
586,28,Male,Bangalore,Bangalore,1,4,High
587,22,Male,Delhi,Pune,1,5,Medium
588,42,Male,Bangalore,Bangalore,1,2,Medium
589,39,Female,Bangalore,Bangalore,1,4,Low
590,35,Female,Bangalore,Delhi,0,3,High
591,56,Male,Mumbai,Pune,1,2,Medium
592,52,Male,Mumbai,Delhi,1,3,Low
593,52,Female,Delhi,Bangalore,1,5,High
594,19,Female,Bangalore,Pune,0,5,High
595,40,Male,Mumbai,Pune,0,5,High
596,36,Male,Delhi,Delhi,0,2,Medium
597,43,Male,Bangalore,Bangalore,1,3,Medium
598,56,Male,Mumbai,Pune,1,5,Low
599,55,Female,Mumbai,Bangalore,1,1,Medium
600,58,Female,Bangalore,Bangalore,1,3,Low
601,38,Male,Mumbai,Bangalore,0,5,Medium
602,43,Male,Bangalore,Pune,0,3,Low
603,55,Female,Mumbai,Bangalore,1,2,Low
604,42,Male,Bangalore,Pune,1,3,High
605,36,Female,Delhi,Pune,0,1,Medium
606,46,Male,Delhi,Pune,1,2,Low
607,28,Male,Mumbai,Delhi,0,1,Low
608,58,Male,Bangalore,Pune,1,2,High
609,48,Female,Delhi,Pune,1,3,Low
610,53,Female,Mumbai,Pune,1,4,Medium
611,38,Female,Delhi,Pune,1,3,High
612,51,Male,Delhi,Pune,1,4,Medium
613,58,Male,Mumbai,Delhi,1,5,Medium
614,60,Female,Bangalore,Pune,1,4,Medium
615,52,Female,Bangalore,Pune,0,4,Low
616,47,Male,Mumbai,Pune,0,3,High
617,34,Male,Delhi,Delhi,1,1,High
618,21,Male,Mumbai,Delhi,1,4,Medium
619,23,Female,Mumbai,Delhi,0,4,Low
620,46,Female,Mumbai,Pune,1,3,Low
621,55,Female,Bangalore,Bangalore,1,4,High
622,25,Female,Delhi,Delhi,1,4,Medium
623,45,Male,Bangalore,Pune,0,5,Medium
624,29,Female,Delhi,Bangalore,1,3,Medium
625,20,Female,Delhi,Bangalore,1,5,Low
626,43,Male,Mumbai,Bangalore,0,3,Medium
627,20,Female,Mumbai,Bangalore,0,2,High
628,48,Female,Delhi,Pune,0,2,Medium
629,24,Male,Mumbai,Delhi,1,1,High
630,34,Male,Mumbai,Delhi,1,4,Medium
631,53,Male,Delhi,Bangalore,0,5,High
632,42,Male,Bangalore,Bangalore,0,3,High
633,43,Female,Delhi,Delhi,1,1,Low
634,56,Female,Mumbai,Delhi,1,2,High
635,54,Male,Delhi,Bangalore,1,2,High
636,53,Male,Delhi,Delhi,1,3,Medium
637,20,Male,Mumbai,Bangalore,1,1,High
638,48,Male,Mumbai,Pune,1,1,Low
639,33,Male,Bangalore,Delhi,1,1,High
640,21,Male,Bangalore,Pune,1,4,Low
641,32,Female,Bangalore,Bangalore,1,5,Low
642,33,Male,Mumbai,Delhi,0,3,Medium
643,54,Female,Mumbai,Bangalore,1,2,Low
644,39,Male,Delhi,Delhi,0,1,High
645,37,Male,Mumbai,Delhi,0,3,Low
646,57,Male,Bangalore,Delhi,1,3,Low
647,36,Male,Bangalore,Pune,1,3,Medium
648,38,Male,Mumbai,Delhi,0,1,Low
649,37,Male,Bangalore,Pune,0,4,High
650,56,Female,Mumbai,Delhi,0,3,High
651,49,Male,Bangalore,Delhi,1,3,Low
652,44,Male,Bangalore,Delhi,0,5,High
653,27,Female,Delhi,Pune,0,3,High
654,58,Male,Delhi,Delhi,1,2,Low
655,49,Male,Delhi,Bangalore,0,2,Low
656,47,Male,Delhi,Delhi,1,4,Low
657,58,Female,Delhi,Pune,1,1,Medium
658,24,Female,Bangalore,Delhi,1,4,High
659,49,Female,Mumbai,Bangalore,1,4,Medium
660,24,Female,Bangalore,Bangalore,0,5,Medium
661,58,Male,Bangalore,Pune,1,1,Medium
662,57,Male,Mumbai,Pune,0,3,Medium
663,36,Male,Delhi,Bangalore,1,5,Low
664,24,Female,Bangalore,Pune,1,2,Low
665,45,Female,Bangalore,Bangalore,1,5,High
666,38,Female,Mumbai,Bangalore,1,1,Low
667,28,Male,Delhi,Delhi,1,3,Low
668,38,Male,Bangalore,Bangalore,0,3,Medium
669,60,Male,Delhi,Bangalore,1,5,High
670,44,Female,Bangalore,Delhi,1,1,Medium
671,21,Female,Bangalore,Pune,0,1,Low
672,53,Female,Mumbai,Pune,1,1,Medium
673,39,Male,Bangalore,Delhi,0,3,High
674,55,Male,Delhi,Delhi,1,1,Low
675,49,Male,Delhi,Delhi,0,2,Medium
676,38,Male,Mumbai,Delhi,1,1,High
677,51,Female,Delhi,Delhi,1,2,Medium
678,37,Female,Bangalore,Pune,1,2,High
679,22,Female,Delhi,Pune,1,2,High
680,24,Female,Mumbai,Pune,0,1,High
681,27,Female,Delhi,Pune,0,5,Medium
682,39,Female,Delhi,Delhi,0,5,High
683,47,Male,Delhi,Bangalore,0,5,Medium
684,34,Female,Bangalore,Pune,0,3,High
685,51,Female,Delhi,Pune,1,4,Medium
686,37,Male,Delhi,Pune,1,1,Medium
687,46,Female,Mumbai,Pune,1,4,Medium
688,41,Female,Delhi,Bangalore,1,4,Low
689,47,Male,Mumbai,Delhi,0,3,Medium
690,57,Female,Delhi,Bangalore,1,5,High
691,45,Male,Bangalore,Pune,0,1,High
692,24,Male,Delhi,Bangalore,1,5,Medium
693,30,Male,Mumbai,Delhi,0,3,High
694,60,Female,Bangalore,Bangalore,1,5,High
695,23,Male,Bangalore,Pune,1,4,High
696,42,Male,Delhi,Pune,1,2,Medium
697,38,Male,Bangalore,Bangalore,0,3,High
698,48,Female,Delhi,Delhi,1,4,Low
699,46,Female,Delhi,Delhi,1,5,Low
700,53,Male,Mumbai,Delhi,1,2,Medium
701,29,Male,Mumbai,Bangalore,0,1,High
702,18,Male,Bangalore,Pune,1,5,High
703,50,Male,Bangalore,Pune,0,5,Low
704,37,Male,Delhi,Bangalore,1,1,Low
705,53,Male,Mumbai,Delhi,1,3,Medium
706,44,Male,Bangalore,Delhi,1,3,Medium
707,27,Male,Delhi,Bangalore,1,3,High
708,35,Male,Delhi,Pune,1,1,Low
709,19,Male,Mumbai,Delhi,0,5,Medium
710,30,Female,Bangalore,Delhi,1,3,Medium
711,42,Male,Bangalore,Bangalore,1,5,Medium
712,58,Male,Mumbai,Pune,1,5,Low
713,40,Male,Bangalore,Pune,0,1,High
714,31,Female,Bangalore,Delhi,1,2,High
715,40,Male,Delhi,Bangalore,0,5,Medium
716,40,Male,Bangalore,Delhi,0,1,Low
717,60,Female,Delhi,Pune,1,3,Low
718,38,Female,Mumbai,Delhi,1,2,Medium
719,34,Female,Mumbai,Bangalore,0,3,Medium
720,20,Female,Delhi,Delhi,0,2,High
721,53,Female,Bangalore,Bangalore,0,4,Medium
722,32,Female,Delhi,Delhi,1,5,Low
723,60,Male,Mumbai,Bangalore,1,4,Medium
724,32,Female,Delhi,Bangalore,1,4,Medium
725,51,Male,Delhi,Bangalore,0,2,Medium
726,60,Male,Bangalore,Bangalore,1,5,Medium
727,40,Female,Bangalore,Delhi,0,1,High
728,28,Male,Mumbai,Pune,1,1,Low
729,49,Male,Mumbai,Pune,1,1,Medium
730,29,Male,Delhi,Bangalore,1,3,Low
731,32,Female,Mumbai,Pune,0,3,Low
732,41,Female,Delhi,Bangalore,1,5,Medium
733,38,Male,Mumbai,Bangalore,0,5,Low
734,30,Female,Bangalore,Pune,1,2,High
735,47,Female,Mumbai,Delhi,1,3,Medium
736,19,Male,Bangalore,Bangalore,1,4,High
737,43,Female,Delhi,Bangalore,1,4,High
738,30,Female,Delhi,Delhi,0,1,Medium
739,48,Female,Delhi,Pune,1,3,Medium
740,56,Male,Mumbai,Delhi,0,4,Low
741,34,Female,Bangalore,Bangalore,0,4,Low
742,37,Male,Delhi,Delhi,0,5,High
743,26,Male,Bangalore,Delhi,1,3,Low
744,41,Female,Mumbai,Delhi,0,5,Low
745,56,Female,Delhi,Pune,0,2,Medium
746,20,Male,Bangalore,Bangalore,0,2,Medium
747,42,Female,Bangalore,Bangalore,1,5,Low
748,47,Male,Delhi,Bangalore,1,4,High
749,60,Male,Mumbai,Delhi,1,5,High
750,43,Male,Delhi,Pune,0,2,Medium
751,19,Male,Mumbai,Bangalore,1,1,Medium
752,43,Female,Bangalore,Delhi,0,4,High
753,26,Male,Bangalore,Delhi,0,3,High
754,56,Male,Delhi,Delhi,0,4,Low
755,40,Female,Delhi,Bangalore,1,4,Medium
756,50,Female,Bangalore,Pune,1,4,Medium
757,56,Male,Mumbai,Pune,0,1,Low
758,25,Female,Delhi,Bangalore,0,2,Medium
759,21,Male,Bangalore,Pune,0,5,Low
760,32,Male,Bangalore,Pune,1,1,Low
761,27,Female,Delhi,Bangalore,1,3,High
762,31,Male,Mumbai,Pune,0,5,Low
763,22,Female,Delhi,Bangalore,0,3,High
764,43,Female,Delhi,Delhi,1,5,Medium
765,19,Male,Delhi,Bangalore,0,4,High
766,50,Female,Mumbai,Delhi,1,2,Low
767,45,Female,Delhi,Delhi,1,5,High
768,42,Female,Delhi,Delhi,0,5,High
769,26,Male,Mumbai,Delhi,1,1,High
770,54,Male,Delhi,Delhi,0,4,Medium
771,23,Male,Bangalore,Pune,1,4,High
772,43,Female,Delhi,Bangalore,1,4,Low
773,44,Male,Bangalore,Pune,1,4,Medium
774,49,Female,Bangalore,Pune,0,3,Low
775,54,Female,Mumbai,Bangalore,1,4,Medium
776,55,Male,Mumbai,Pune,0,1,Low
777,48,Male,Mumbai,Pune,0,5,High
778,59,Female,Mumbai,Bangalore,1,3,Low
779,36,Female,Bangalore,Bangalore,0,1,Medium
780,32,Male,Mumbai,Bangalore,1,5,Low
781,33,Male,Mumbai,Pune,0,5,Low
782,24,Male,Mumbai,Bangalore,1,1,High
783,48,Female,Bangalore,Bangalore,0,2,Low
784,33,Female,Mumbai,Pune,0,2,Medium
785,46,Male,Bangalore,Pune,1,2,Medium
786,57,Female,Mumbai,Pune,1,3,Low
787,22,Male,Delhi,Pune,1,5,Low
788,34,Female,Bangalore,Pune,1,1,Low
789,54,Female,Delhi,Delhi,0,4,High
790,59,Female,Delhi,Bangalore,0,4,Medium
791,41,Female,Bangalore,Delhi,0,4,Medium
792,39,Female,Bangalore,Bangalore,1,3,Medium
793,53,Male,Mumbai,Pune,1,4,Low
794,51,Male,Delhi,Pune,1,1,High
795,37,Male,Mumbai,Pune,1,1,Medium
796,58,Male,Delhi,Bangalore,1,3,High
797,46,Female,Delhi,Delhi,1,3,Medium
798,46,Female,Mumbai,Bangalore,1,3,Low
799,36,Female,Bangalore,Pune,0,4,Medium
800,44,Female,Delhi,Pune,1,3,Medium
801,44,Male,Delhi,Pune,0,4,Low
802,21,Female,Bangalore,Delhi,1,3,High
803,54,Male,Mumbai,Delhi,0,4,High
804,58,Male,Delhi,Delhi,0,1,High
805,50,Female,Delhi,Pune,1,1,Medium
806,31,Female,Bangalore,Bangalore,1,3,Medium
807,26,Female,Mumbai,Bangalore,1,4,Low
808,53,Female,Delhi,Bangalore,0,3,Medium
809,52,Female,Delhi,Delhi,1,3,Low
810,55,Male,Delhi,Bangalore,0,1,High
811,32,Male,Bangalore,Bangalore,1,1,High
812,54,Male,Mumbai,Pune,0,3,Medium
813,24,Male,Mumbai,Delhi,0,5,High
814,38,Female,Delhi,Pune,0,4,Medium
815,31,Male,Mumbai,Pune,1,1,Medium
816,27,Female,Delhi,Delhi,0,2,Low
817,54,Male,Mumbai,Pune,1,2,Low
818,21,Male,Mumbai,Pune,0,3,Low
819,23,Female,Delhi,Bangalore,1,3,High
820,20,Female,Mumbai,Bangalore,1,3,Medium
821,22,Male,Delhi,Pune,1,3,Medium
822,60,Male,Delhi,Delhi,1,3,Low
823,43,Female,Bangalore,Pune,0,3,High
824,40,Male,Delhi,Pune,0,3,Low
825,37,Male,Delhi,Delhi,1,5,Low
826,22,Female,Delhi,Bangalore,0,4,Medium
827,57,Female,Bangalore,Pune,1,2,Medium
828,50,Female,Mumbai,Pune,0,3,Low
829,40,Male,Mumbai,Pune,1,5,High
830,52,Female,Delhi,Pune,1,5,Low
831,55,Female,Delhi,Delhi,1,5,Low
832,33,Male,Bangalore,Bangalore,0,4,Medium
833,48,Male,Mumbai,Delhi,0,1,High
834,43,Male,Mumbai,Pune,0,5,Low
835,45,Female,Mumbai,Pune,0,5,High
836,23,Male,Bangalore,Pune,1,5,Medium
837,46,Female,Mumbai,Bangalore,1,4,Medium
838,38,Female,Mumbai,Pune,0,2,Medium
839,31,Female,Delhi,Bangalore,1,5,High
840,35,Female,Bangalore,Delhi,0,5,Low
841,40,Female,Bangalore,Delhi,1,3,High
842,34,Male,Delhi,Pune,1,1,Medium
843,18,Female,Bangalore,Bangalore,0,2,High
844,43,Male,Mumbai,Pune,0,3,High
845,49,Male,Delhi,Pune,1,1,Medium
846,26,Female,Delhi,Delhi,1,2,High
847,41,Male,Delhi,Bangalore,1,3,Low
848,37,Male,Mumbai,Pune,1,2,Low
849,47,Female,Bangalore,Pune,1,1,Low
850,27,Female,Mumbai,Pune,0,5,High
851,58,Male,Delhi,Delhi,1,4,Low
852,56,Male,Delhi,Pune,0,4,Low
853,42,Female,Bangalore,Delhi,1,1,High
854,34,Female,Mumbai,Delhi,0,4,Medium
855,28,Male,Bangalore,Pune,1,3,Low
856,47,Male,Mumbai,Pune,1,4,Medium
857,29,Male,Mumbai,Bangalore,1,4,Low
858,46,Female,Mumbai,Bangalore,1,2,Medium
859,57,Male,Delhi,Bangalore,0,2,Low
860,39,Female,Bangalore,Delhi,0,1,Low
861,35,Male,Mumbai,Bangalore,1,2,Medium
862,24,Male,Bangalore,Delhi,0,4,High
863,48,Female,Bangalore,Bangalore,0,3,Low
864,40,Female,Bangalore,Bangalore,1,4,Low
865,24,Female,Bangalore,Pune,1,3,Medium
866,53,Male,Delhi,Bangalore,1,2,Medium
867,50,Female,Mumbai,Pune,0,2,Medium
868,45,Male,Bangalore,Bangalore,0,2,Medium
869,19,Male,Delhi,Delhi,0,3,High
870,18,Male,Delhi,Delhi,0,5,High
871,32,Female,Delhi,Bangalore,1,4,High
872,39,Male,Mumbai,Bangalore,0,1,High
873,28,Male,Mumbai,Bangalore,1,1,Medium
874,34,Female,Bangalore,Pune,1,3,Medium
875,50,Female,Mumbai,Pune,1,4,High
876,23,Female,Bangalore,Bangalore,1,5,Medium
877,24,Female,Mumbai,Delhi,1,3,Low
878,57,Female,Mumbai,Bangalore,1,3,Low
879,55,Female,Delhi,Delhi,0,4,Low
880,38,Female,Bangalore,Pune,1,2,Medium
881,34,Female,Delhi,Pune,0,2,Low
882,58,Female,Delhi,Delhi,0,1,Medium
883,37,Male,Delhi,Pune,0,3,Medium
884,47,Female,Mumbai,Bangalore,0,5,Low
885,36,Male,Bangalore,Pune,1,3,Low
886,22,Male,Mumbai,Bangalore,1,4,Medium
887,34,Female,Bangalore,Bangalore,1,2,High
888,34,Female,Bangalore,Bangalore,1,2,High
889,58,Female,Bangalore,Delhi,0,3,High
890,60,Male,Delhi,Bangalore,0,4,High
891,48,Female,Delhi,Pune,1,4,High
892,43,Male,Delhi,Bangalore,1,4,High
893,42,Male,Mumbai,Pune,1,4,Medium
894,55,Female,Delhi,Delhi,0,2,High
895,50,Female,Delhi,Bangalore,1,4,Low
896,60,Male,Mumbai,Delhi,1,1,Low
897,59,Female,Mumbai,Bangalore,1,1,Medium
898,54,Male,Mumbai,Bangalore,1,5,Medium
899,44,Male,Delhi,Bangalore,1,2,Low
900,36,Female,Delhi,Bangalore,0,2,High
901,36,Male,Mumbai,Bangalore,0,3,Low
902,52,Male,Bangalore,Bangalore,1,5,High
903,35,Male,Delhi,Pune,0,2,Low
904,43,Male,Mumbai,Delhi,1,5,Low
905,38,Male,Delhi,Pune,1,5,Low
906,26,Male,Delhi,Pune,1,3,Medium
907,47,Female,Mumbai,Pune,0,5,Medium
908,42,Female,Bangalore,Bangalore,1,4,Low
909,19,Male,Mumbai,Pune,1,4,Medium
910,30,Male,Delhi,Bangalore,1,3,Low
911,52,Male,Bangalore,Delhi,0,2,Medium
912,48,Male,Mumbai,Delhi,1,5,Medium
913,40,Male,Delhi,Pune,0,2,High
914,28,Female,Bangalore,Pune,1,1,Medium
915,18,Female,Bangalore,Delhi,0,2,Medium
916,48,Male,Delhi,Bangalore,1,3,High
917,56,Female,Bangalore,Pune,0,2,Medium
918,25,Female,Delhi,Delhi,1,3,High
919,34,Female,Delhi,Bangalore,1,4,High
920,54,Female,Mumbai,Pune,0,4,High
921,18,Female,Delhi,Bangalore,1,1,Medium
922,24,Male,Delhi,Bangalore,0,1,Low
923,35,Female,Bangalore,Delhi,1,2,High
924,26,Male,Bangalore,Pune,1,4,Low
925,41,Female,Mumbai,Pune,1,3,High
926,45,Male,Mumbai,Delhi,1,5,Low
927,57,Male,Mumbai,Delhi,1,2,High
928,46,Female,Bangalore,Delhi,1,1,High
929,41,Female,Mumbai,Delhi,1,2,Medium
930,30,Male,Bangalore,Bangalore,1,5,Low
931,41,Male,Delhi,Pune,1,1,Medium
932,48,Female,Bangalore,Pune,1,5,High
933,26,Male,Bangalore,Bangalore,1,5,Low
934,21,Female,Delhi,Pune,1,2,High
935,53,Male,Bangalore,Bangalore,1,3,Medium
936,34,Female,Bangalore,Pune,0,5,Medium
937,24,Female,Delhi,Delhi,1,5,Medium
938,39,Male,Delhi,Bangalore,0,5,Low
939,21,Male,Mumbai,Bangalore,0,3,High
940,28,Male,Delhi,Delhi,0,5,Medium
941,22,Male,Mumbai,Pune,1,5,Low
942,51,Male,Bangalore,Delhi,0,5,High
943,25,Female,Mumbai,Delhi,1,4,High
944,21,Female,Delhi,Bangalore,1,1,Medium
945,44,Female,Bangalore,Delhi,1,4,Low
946,60,Female,Bangalore,Bangalore,1,3,Medium
947,25,Female,Delhi,Pune,0,1,Medium
948,21,Female,Delhi,Pune,1,1,Low
949,32,Female,Mumbai,Pune,1,1,High
950,50,Female,Mumbai,Bangalore,1,3,High
951,20,Female,Delhi,Pune,1,2,High
952,51,Female,Delhi,Pune,1,5,High
953,22,Female,Delhi,Bangalore,1,2,Medium
954,20,Male,Bangalore,Delhi,1,3,High
955,55,Male,Bangalore,Pune,1,3,High
956,45,Female,Bangalore,Bangalore,1,4,Low
957,58,Female,Delhi,Pune,0,4,Medium
958,43,Female,Bangalore,Pune,0,4,Medium
959,58,Male,Delhi,Bangalore,0,1,Low
960,58,Male,Delhi,Bangalore,0,1,Medium
961,28,Female,Delhi,Pune,0,5,High
962,38,Female,Mumbai,Bangalore,0,2,Low
963,40,Male,Bangalore,Pune,1,3,High
964,45,Male,Bangalore,Delhi,0,2,Medium
965,26,Male,Mumbai,Pune,1,5,Medium
966,60,Male,Bangalore,Pune,0,3,Low
967,22,Female,Bangalore,Bangalore,1,5,Low
968,27,Female,Bangalore,Delhi,0,3,Low
969,57,Male,Delhi,Pune,1,1,Low
970,26,Male,Mumbai,Bangalore,1,5,Medium
971,50,Male,Mumbai,Pune,0,3,High
972,35,Female,Mumbai,Bangalore,1,5,Low
973,40,Male,Mumbai,Delhi,1,2,High
974,59,Male,Mumbai,Bangalore,1,1,Low
975,39,Female,Mumbai,Pune,1,5,Medium
976,38,Male,Delhi,Bangalore,1,4,Low
977,42,Male,Bangalore,Pune,1,4,Medium
978,42,Female,Delhi,Pune,1,3,High
979,60,Male,Bangalore,Bangalore,0,3,High
980,34,Female,Mumbai,Delhi,1,2,Low
981,35,Male,Delhi,Pune,1,2,Medium
982,33,Female,Bangalore,Bangalore,0,2,High
983,32,Male,Bangalore,Bangalore,0,3,Low
984,54,Female,Delhi,Delhi,1,1,Low
985,43,Male,Mumbai,Bangalore,1,1,Medium
986,23,Male,Bangalore,Pune,1,2,Low
987,18,Female,Mumbai,Delhi,0,4,Medium
988,24,Female,Bangalore,Pune,0,1,Medium
989,28,Male,Bangalore,Pune,1,2,Medium
990,32,Male,Delhi,Bangalore,0,3,Low
991,49,Female,Delhi,Pune,1,3,Low
992,53,Female,Delhi,Delhi,0,2,Low
993,50,Male,Bangalore,Pune,1,2,High
994,31,Male,Bangalore,Pune,1,5,High
995,54,Male,Bangalore,Bangalore,1,5,Medium
996,39,Male,Delhi,Pune,1,4,Medium
997,18,Female,Delhi,Delhi,0,3,Medium
998,43,Male,Mumbai,Bangalore,0,3,High
999,27,Female,Mumbai,Bangalore,0,3,Medium
1000,26,Female,Delhi,Pune,0,5,Medium
1001,21,Female,Bangalore,Bangalore,1,5,Low
1002,43,Male,Mumbai,Bangalore,1,3,Medium
1003,23,Female,Mumbai,Bangalore,0,5,Low
1004,44,Female,Delhi,Bangalore,0,5,Medium
1005,28,Male,Bangalore,Pune,0,2,Low
1006,35,Male,Bangalore,Delhi,0,3,High
1007,56,Female,Mumbai,Delhi,1,4,Low
1008,49,Female,Bangalore,Pune,1,3,High
1009,58,Male,Mumbai,Bangalore,1,4,Low
1010,27,Female,Bangalore,Bangalore,1,4,Medium
1011,43,Female,Delhi,Delhi,0,4,Medium
1012,55,Female,Mumbai,Delhi,0,1,High
1013,45,Female,Delhi,Bangalore,1,4,Medium
1014,22,Female,Bangalore,Delhi,1,1,Medium
1015,19,Male,Mumbai,Delhi,0,2,Low
1016,39,Male,Mumbai,Delhi,0,4,Medium
1017,40,Female,Delhi,Pune,1,3,Medium
1018,44,Male,Bangalore,Bangalore,0,4,High
1019,58,Male,Bangalore,Delhi,0,2,Medium
1020,60,Female,Delhi,Bangalore,1,2,Medium
1021,44,Male,Delhi,Bangalore,1,1,Medium
1022,31,Female,Delhi,Pune,0,1,High
1023,39,Female,Delhi,Bangalore,1,1,Medium
1024,53,Female,Bangalore,Delhi,1,3,High
1025,50,Female,Bangalore,Bangalore,1,4,Medium
1026,58,Female,Mumbai,Delhi,0,1,High
1027,40,Female,Delhi,Delhi,0,4,Medium
1028,48,Female,Bangalore,Bangalore,0,1,High
1029,49,Male,Bangalore,Bangalore,1,3,High
1030,21,Female,Bangalore,Delhi,0,2,Low
1031,23,Male,Mumbai,Delhi,0,4,Low
1032,55,Male,Bangalore,Delhi,1,4,High
1033,21,Female,Bangalore,Pune,1,5,Medium
1034,35,Male,Delhi,Bangalore,1,1,Low
1035,34,Female,Delhi,Delhi,0,5,Low
1036,26,Female,Mumbai,Bangalore,1,3,High
1037,21,Male,Mumbai,Pune,0,1,Medium
1038,51,Female,Bangalore,Bangalore,1,3,Medium
1039,20,Female,Mumbai,Pune,1,2,Low
1040,41,Female,Mumbai,Delhi,1,4,High
1041,40,Female,Mumbai,Delhi,0,4,Medium
1042,59,Male,Bangalore,Pune,1,1,Medium
1043,32,Male,Delhi,Delhi,0,1,Medium
1044,52,Male,Delhi,Bangalore,1,1,Low
1045,53,Female,Mumbai,Delhi,1,3,Low
1046,36,Female,Mumbai,Bangalore,1,1,Medium
1047,29,Female,Delhi,Pune,1,1,Low
1048,44,Male,Delhi,Pune,1,2,Medium
1049,36,Female,Bangalore,Delhi,1,1,High
1050,27,Male,Mumbai,Bangalore,1,3,Medium
1051,24,Female,Mumbai,Bangalore,0,5,High
1052,35,Female,Delhi,Delhi,0,2,Medium
1053,21,Female,Mumbai,Pune,1,1,Medium
1054,27,Female,Mumbai,Pune,1,4,Medium
1055,35,Male,Delhi,Delhi,1,2,Low
1056,35,Female,Delhi,Bangalore,1,5,Medium
1057,54,Male,Delhi,Pune,1,1,Medium
1058,37,Female,Delhi,Delhi,0,1,High
1059,60,Male,Delhi,Pune,1,3,High
1060,52,Female,Bangalore,Bangalore,1,4,Medium
1061,19,Male,Delhi,Bangalore,0,3,High
1062,46,Male,Delhi,Pune,0,3,Medium
1063,46,Male,Delhi,Pune,1,1,High
1064,43,Female,Bangalore,Delhi,0,2,Low
1065,28,Male,Delhi,Delhi,0,5,High
1066,28,Female,Delhi,Delhi,0,3,Medium
1067,40,Male,Mumbai,Pune,0,1,Medium
1068,58,Female,Mumbai,Pune,0,1,Medium
1069,40,Female,Bangalore,Bangalore,1,5,Low
1070,49,Female,Delhi,Bangalore,0,2,Low
1071,38,Female,Delhi,Delhi,0,3,Medium
1072,32,Male,Bangalore,Pune,1,1,Low
1073,34,Female,Mumbai,Delhi,1,1,Medium
1074,29,Female,Delhi,Bangalore,1,5,High
1075,22,Female,Bangalore,Pune,1,4,Medium
1076,28,Female,Delhi,Pune,1,1,High
1077,20,Female,Mumbai,Delhi,1,1,Medium
1078,57,Male,Bangalore,Bangalore,1,5,Medium
1079,57,Male,Bangalore,Delhi,0,1,Medium
1080,24,Male,Mumbai,Bangalore,0,5,Low
1081,54,Male,Mumbai,Delhi,1,5,High
1082,52,Female,Bangalore,Bangalore,1,4,Low
1083,45,Male,Delhi,Delhi,1,2,Low
1084,47,Female,Mumbai,Bangalore,0,2,Medium
1085,43,Male,Bangalore,Bangalore,0,2,High
1086,19,Female,Delhi,Delhi,1,1,Low
1087,28,Female,Bangalore,Bangalore,1,3,Low
1088,30,Male,Bangalore,Bangalore,1,4,High
1089,34,Male,Bangalore,Bangalore,1,4,Medium
1090,39,Male,Bangalore,Delhi,0,3,High
1091,53,Male,Delhi,Bangalore,0,3,Medium
1092,37,Male,Mumbai,Pune,1,1,Low
1093,43,Female,Mumbai,Pune,1,1,Low
1094,24,Male,Delhi,Delhi,0,1,Low
1095,25,Female,Bangalore,Bangalore,0,4,High
1096,20,Male,Mumbai,Bangalore,1,1,Low
1097,35,Female,Mumbai,Pune,1,5,Medium
1098,19,Male,Mumbai,Delhi,0,5,High
1099,37,Female,Bangalore,Pune,1,3,Medium
1100,35,Female,Bangalore,Bangalore,0,2,Low
1101,26,Male,Delhi,Delhi,0,1,Medium
1102,45,Male,Delhi,Bangalore,0,2,Medium
1103,51,Male,Mumbai,Delhi,1,1,Low
1104,56,Female,Delhi,Delhi,0,5,High
1105,52,Female,Delhi,Delhi,1,2,High
1106,48,Female,Bangalore,Delhi,1,5,High
1107,46,Female,Mumbai,Bangalore,1,3,High
1108,24,Female,Delhi,Bangalore,1,1,High
1109,53,Female,Mumbai,Pune,1,5,Low
1110,58,Male,Delhi,Bangalore,0,2,High
1111,37,Female,Bangalore,Pune,1,1,Medium
1112,52,Male,Delhi,Bangalore,1,3,High
1113,26,Female,Bangalore,Delhi,0,5,Medium
1114,58,Male,Delhi,Pune,1,5,Medium
1115,49,Female,Mumbai,Bangalore,0,2,High
1116,18,Male,Bangalore,Bangalore,1,2,Low
1117,24,Female,Mumbai,Delhi,0,3,High
1118,48,Male,Delhi,Pune,1,2,Medium
1119,28,Male,Mumbai,Pune,1,3,Low
1120,57,Male,Bangalore,Bangalore,1,3,Low
1121,34,Female,Bangalore,Bangalore,1,5,Medium
1122,34,Male,Bangalore,Pune,1,3,Low
1123,46,Female,Mumbai,Pune,0,3,Low
1124,40,Female,Mumbai,Pune,1,4,Low
1125,57,Male,Bangalore,Delhi,1,1,Low
1126,31,Male,Mumbai,Pune,1,4,Medium
1127,20,Male,Bangalore,Delhi,0,3,Medium
1128,49,Female,Bangalore,Pune,1,2,High
1129,55,Female,Mumbai,Delhi,1,2,High
1130,53,Male,Delhi,Bangalore,0,4,High
1131,55,Male,Bangalore,Bangalore,0,5,Low
1132,46,Male,Mumbai,Bangalore,1,5,Medium
1133,42,Female,Mumbai,Delhi,1,4,Low
1134,36,Male,Mumbai,Bangalore,0,5,Medium
1135,31,Male,Bangalore,Pune,1,3,Low
1136,25,Female,Delhi,Pune,0,4,Low
1137,49,Female,Bangalore,Pune,1,1,Medium
1138,36,Female,Delhi,Delhi,1,3,High
1139,27,Female,Mumbai,Pune,0,2,High
1140,40,Female,Delhi,Delhi,1,2,High
1141,28,Male,Mumbai,Delhi,0,2,High
1142,32,Female,Delhi,Pune,1,3,High
1143,40,Male,Bangalore,Delhi,0,5,High
1144,55,Female,Delhi,Delhi,1,5,High
1145,37,Female,Delhi,Pune,0,3,Medium
1146,51,Male,Mumbai,Bangalore,1,1,Medium
1147,25,Male,Delhi,Delhi,0,3,Low
1148,55,Male,Mumbai,Bangalore,1,3,High
1149,45,Male,Mumbai,Bangalore,0,4,High
1150,35,Male,Bangalore,Pune,1,2,Medium
1151,54,Female,Delhi,Bangalore,1,4,Low
1152,51,Female,Bangalore,Bangalore,1,5,Low
1153,42,Male,Mumbai,Delhi,1,2,High
1154,47,Female,Bangalore,Bangalore,0,1,Low
1155,60,Female,Mumbai,Pune,1,2,Low
1156,26,Female,Bangalore,Delhi,1,3,High
1157,39,Female,Delhi,Bangalore,1,1,Low
1158,36,Female,Bangalore,Delhi,1,4,Low
1159,33,Male,Mumbai,Bangalore,0,4,Low
1160,24,Male,Bangalore,Delhi,1,3,Low
1161,53,Male,Delhi,Pune,1,3,High
1162,23,Female,Bangalore,Bangalore,0,3,Medium
1163,18,Female,Delhi,Delhi,1,1,Medium
1164,37,Female,Bangalore,Bangalore,0,5,High
1165,56,Female,Bangalore,Delhi,1,3,Low
1166,59,Male,Bangalore,Bangalore,0,5,Low
1167,55,Female,Bangalore,Pune,1,2,High
1168,21,Female,Mumbai,Bangalore,1,2,Low
1169,58,Female,Bangalore,Pune,1,5,Low
1170,46,Male,Delhi,Pune,1,4,Low
1171,25,Female,Bangalore,Pune,0,5,Low
1172,27,Female,Bangalore,Delhi,1,2,Medium
1173,60,Male,Bangalore,Pune,1,2,High
1174,43,Male,Delhi,Pune,0,5,Medium
1175,34,Female,Bangalore,Bangalore,0,3,High
1176,20,Male,Bangalore,Delhi,1,2,Medium
1177,34,Male,Mumbai,Delhi,1,2,Medium
1178,21,Male,Delhi,Delhi,0,3,Low
1179,19,Female,Delhi,Pune,0,5,Low
1180,19,Female,Mumbai,Pune,0,2,Low
1181,34,Female,Bangalore,Pune,0,2,Medium
1182,22,Male,Bangalore,Delhi,0,5,Low
1183,58,Female,Mumbai,Bangalore,1,2,Medium
1184,48,Male,Delhi,Delhi,1,2,High
1185,49,Female,Bangalore,Delhi,0,1,Low
1186,45,Male,Bangalore,Delhi,1,3,Low
1187,22,Female,Delhi,Delhi,0,2,High
1188,51,Male,Delhi,Pune,0,4,Medium
1189,50,Male,Mumbai,Bangalore,0,3,High
1190,44,Male,Delhi,Pune,1,2,Low
1191,24,Female,Bangalore,Delhi,1,3,Low
1192,38,Male,Bangalore,Pune,1,3,Medium
1193,29,Male,Delhi,Bangalore,0,2,Low
1194,57,Female,Delhi,Bangalore,1,5,Medium
1195,47,Female,Bangalore,Bangalore,1,3,High
1196,44,Male,Delhi,Delhi,1,2,Medium
1197,39,Male,Mumbai,Delhi,1,3,Low
1198,29,Male,Mumbai,Pune,1,4,Medium
1199,55,Female,Mumbai,Delhi,1,3,High
1200,24,Female,Delhi,Delhi,1,2,Low
1201,28,Male,Delhi,Bangalore,0,1,Low
1202,42,Male,Mumbai,Bangalore,1,2,High
1203,38,Female,Bangalore,Pune,1,3,High
1204,28,Male,Delhi,Pune,1,2,High
1205,46,Female,Bangalore,Delhi,0,4,High
1206,47,Male,Delhi,Pune,1,2,Medium
1207,23,Female,Mumbai,Pune,1,3,Medium
1208,18,Male,Delhi,Bangalore,0,3,Medium
1209,19,Female,Mumbai,Delhi,1,2,Medium
1210,21,Female,Mumbai,Pune,1,1,High
1211,36,Female,Mumbai,Pune,0,4,High
1212,59,Female,Bangalore,Bangalore,0,2,Low
1213,24,Male,Delhi,Delhi,1,5,High
1214,23,Female,Mumbai,Delhi,0,3,Medium
1215,39,Female,Mumbai,Pune,0,3,Medium
1216,39,Female,Bangalore,Pune,1,5,Medium
1217,45,Female,Mumbai,Bangalore,0,2,Low
1218,26,Male,Delhi,Bangalore,1,1,Medium
1219,24,Male,Bangalore,Delhi,1,4,Low
1220,40,Female,Bangalore,Bangalore,1,4,High
1221,38,Female,Bangalore,Delhi,1,2,High
1222,52,Male,Delhi,Bangalore,0,1,High
1223,24,Male,Mumbai,Pune,1,5,High
1224,39,Male,Mumbai,Bangalore,0,2,Medium
1225,18,Male,Delhi,Pune,0,4,Medium
1226,37,Male,Bangalore,Bangalore,1,2,High
1227,19,Male,Delhi,Pune,0,2,Medium
1228,59,Female,Delhi,Delhi,0,1,Medium
1229,25,Female,Bangalore,Bangalore,0,2,Low
1230,28,Male,Delhi,Delhi,1,2,Medium
1231,49,Male,Bangalore,Bangalore,0,1,Medium
1232,55,Female,Bangalore,Pune,1,5,Medium
1233,34,Male,Bangalore,Pune,0,3,Medium
1234,32,Male,Mumbai,Pune,1,2,Low
1235,53,Male,Delhi,Bangalore,1,4,Low
1236,18,Male,Bangalore,Delhi,0,3,Medium
1237,47,Male,Delhi,Pune,0,1,Low
1238,54,Male,Bangalore,Pune,1,5,Medium
1239,59,Female,Bangalore,Bangalore,0,2,High
1240,58,Female,Mumbai,Delhi,0,2,Low
1241,30,Female,Mumbai,Pune,1,2,Medium
1242,44,Male,Bangalore,Delhi,1,1,Medium
1243,19,Female,Mumbai,Bangalore,1,2,Medium
1244,52,Male,Bangalore,Delhi,0,5,Medium
1245,55,Male,Bangalore,Delhi,0,4,Medium
1246,41,Male,Mumbai,Bangalore,1,2,Medium
1247,38,Male,Mumbai,Delhi,0,5,High
1248,23,Male,Bangalore,Bangalore,0,3,High
1249,56,Male,Mumbai,Bangalore,0,5,Low
1250,57,Female,Delhi,Pune,1,3,Medium
1251,50,Male,Mumbai,Bangalore,1,1,High
1252,36,Female,Mumbai,Delhi,1,2,High
1253,28,Female,Delhi,Bangalore,1,1,High
1254,38,Male,Delhi,Pune,1,3,High
1255,22,Male,Bangalore,Pune,1,4,Medium
1256,45,Male,Mumbai,Pune,0,4,Low
1257,47,Male,Mumbai,Pune,1,4,High
1258,55,Female,Delhi,Delhi,1,3,High
1259,45,Female,Bangalore,Bangalore,0,1,High
1260,26,Male,Mumbai,Bangalore,0,3,High
1261,49,Male,Delhi,Pune,0,2,Low
1262,33,Male,Delhi,Pune,1,4,Low
1263,19,Female,Delhi,Delhi,1,4,High
1264,58,Male,Delhi,Pune,1,1,Low
1265,18,Female,Bangalore,Pune,0,5,Low
1266,49,Male,Delhi,Delhi,0,5,Medium
1267,58,Male,Delhi,Delhi,0,4,Medium
1268,42,Male,Delhi,Bangalore,1,1,High
1269,46,Male,Bangalore,Delhi,0,1,High
1270,47,Female,Bangalore,Pune,1,3,Medium
1271,31,Female,Bangalore,Delhi,1,4,High
1272,25,Female,Bangalore,Bangalore,0,4,Medium
1273,38,Female,Mumbai,Delhi,1,2,High
1274,39,Male,Delhi,Delhi,1,3,High
1275,30,Female,Mumbai,Pune,0,1,Low
1276,28,Female,Delhi,Bangalore,1,1,Low
1277,52,Female,Mumbai,Delhi,1,2,High
1278,52,Male,Bangalore,Delhi,1,5,Low
1279,26,Male,Mumbai,Delhi,1,5,Medium
1280,57,Male,Mumbai,Bangalore,1,4,Low
1281,32,Male,Mumbai,Pune,0,2,Low
1282,33,Female,Delhi,Bangalore,0,1,Medium
1283,46,Female,Mumbai,Delhi,1,1,Medium
1284,30,Male,Bangalore,Pune,1,3,Medium
1285,20,Female,Delhi,Bangalore,0,4,Low
1286,30,Male,Bangalore,Delhi,1,2,Low
1287,40,Female,Mumbai,Delhi,1,4,High
1288,36,Male,Bangalore,Pune,1,1,High
1289,33,Male,Mumbai,Bangalore,1,5,High
1290,34,Male,Bangalore,Delhi,1,4,Medium
1291,40,Female,Delhi,Delhi,0,3,High
1292,37,Female,Mumbai,Delhi,1,3,Medium
1293,36,Male,Bangalore,Pune,1,5,High
1294,44,Female,Bangalore,Pune,1,1,Low
1295,34,Female,Mumbai,Pune,0,3,High
1296,23,Male,Bangalore,Pune,1,4,Medium
1297,39,Male,Bangalore,Pune,1,3,Low
1298,55,Female,Mumbai,Bangalore,1,3,Low
1299,25,Female,Delhi,Pune,0,3,Medium
1300,28,Male,Mumbai,Bangalore,0,5,High
1301,60,Female,Bangalore,Bangalore,0,1,Medium
1302,46,Male,Delhi,Delhi,1,4,Low
1303,22,Male,Bangalore,Bangalore,1,4,Medium
1304,38,Male,Delhi,Bangalore,1,5,High
1305,39,Female,Delhi,Bangalore,0,5,High
1306,42,Male,Bangalore,Pune,0,3,High
1307,59,Female,Bangalore,Bangalore,1,1,High
1308,34,Male,Mumbai,Delhi,1,2,Medium
1309,56,Female,Delhi,Delhi,1,5,Medium
1310,31,Female,Bangalore,Delhi,1,5,Medium
1311,35,Female,Mumbai,Bangalore,0,4,Low
1312,25,Female,Delhi,Pune,1,1,High
1313,32,Female,Delhi,Delhi,1,3,Low
1314,56,Female,Mumbai,Delhi,1,3,Low
1315,32,Female,Delhi,Bangalore,1,3,Medium
1316,29,Male,Delhi,Delhi,0,2,Low
1317,27,Female,Delhi,Pune,1,4,Medium
1318,43,Male,Mumbai,Delhi,0,4,Low
1319,30,Male,Mumbai,Bangalore,0,1,High
1320,23,Male,Bangalore,Delhi,1,3,High
1321,47,Female,Bangalore,Pune,1,4,High
1322,54,Male,Mumbai,Bangalore,0,2,Medium
1323,47,Female,Bangalore,Bangalore,0,5,High
1324,21,Male,Mumbai,Bangalore,1,3,High
1325,31,Male,Bangalore,Pune,0,5,High
1326,49,Male,Mumbai,Pune,0,4,Low
1327,23,Female,Mumbai,Delhi,0,3,Medium
1328,23,Female,Bangalore,Delhi,0,4,Medium
1329,59,Male,Delhi,Delhi,1,2,Medium
1330,47,Male,Mumbai,Delhi,1,4,High
1331,25,Female,Delhi,Delhi,1,2,Low
1332,41,Female,Bangalore,Bangalore,0,3,Medium
1333,42,Female,Mumbai,Pune,0,4,High
1334,53,Male,Delhi,Pune,0,2,Medium
1335,43,Female,Bangalore,Bangalore,0,5,Low
1336,59,Female,Bangalore,Delhi,1,5,Low
1337,19,Male,Bangalore,Delhi,1,3,Medium
1338,19,Male,Delhi,Pune,0,2,Low
1339,33,Female,Delhi,Bangalore,0,2,Medium
1340,18,Male,Bangalore,Bangalore,1,4,High
1341,59,Female,Bangalore,Delhi,0,4,High
1342,33,Male,Mumbai,Bangalore,1,2,Medium
1343,47,Female,Mumbai,Delhi,1,3,Low
1344,53,Male,Bangalore,Pune,1,5,Medium
1345,31,Female,Bangalore,Bangalore,1,1,Low
1346,56,Male,Mumbai,Bangalore,1,4,Medium
1347,57,Male,Delhi,Pune,0,3,Low
1348,23,Female,Bangalore,Pune,1,3,High
1349,49,Male,Delhi,Pune,1,1,Medium
1350,29,Male,Mumbai,Bangalore,0,4,Low
1351,51,Female,Mumbai,Delhi,1,3,High
1352,37,Male,Bangalore,Pune,1,3,Low
1353,43,Female,Mumbai,Pune,1,1,High
1354,40,Male,Bangalore,Delhi,1,1,High
1355,57,Female,Mumbai,Pune,1,4,Low
1356,49,Male,Delhi,Pune,0,1,Low
1357,27,Male,Bangalore,Bangalore,0,5,Low
1358,47,Male,Bangalore,Pune,0,4,High
1359,59,Female,Bangalore,Bangalore,1,1,Low
1360,34,Female,Delhi,Pune,0,1,Medium
1361,24,Female,Bangalore,Pune,0,4,Medium
1362,36,Male,Mumbai,Pune,1,3,High
1363,53,Male,Delhi,Bangalore,1,5,High
1364,41,Female,Delhi,Pune,1,1,Medium
1365,21,Female,Delhi,Delhi,0,2,High
1366,35,Female,Bangalore,Pune,1,3,Medium
1367,53,Male,Bangalore,Pune,1,2,Low
1368,26,Male,Bangalore,Pune,0,1,Low
1369,23,Female,Bangalore,Bangalore,0,4,High
1370,31,Female,Delhi,Bangalore,1,4,High
1371,55,Male,Delhi,Delhi,1,2,High
1372,39,Female,Mumbai,Pune,1,5,High
1373,41,Female,Bangalore,Pune,0,5,Medium
1374,28,Male,Bangalore,Pune,0,1,Medium
1375,35,Female,Delhi,Delhi,1,2,Medium
1376,22,Male,Mumbai,Pune,1,4,Low
1377,42,Male,Bangalore,Delhi,1,2,Low
1378,35,Female,Mumbai,Bangalore,0,1,High
1379,50,Male,Bangalore,Bangalore,1,2,Medium
1380,31,Female,Bangalore,Pune,0,1,Low
1381,56,Male,Delhi,Pune,0,3,Medium
1382,30,Male,Mumbai,Bangalore,1,3,Low
1383,37,Male,Delhi,Delhi,1,5,Medium
1384,24,Female,Delhi,Delhi,1,2,Medium
1385,40,Male,Mumbai,Bangalore,0,1,High
1386,33,Female,Mumbai,Pune,1,3,Low
1387,55,Female,Delhi,Delhi,1,2,Medium
1388,25,Male,Delhi,Bangalore,1,2,Medium
1389,60,Male,Delhi,Delhi,0,4,Medium
1390,35,Female,Mumbai,Pune,1,4,Low
1391,30,Female,Mumbai,Delhi,1,4,Medium
1392,37,Male,Bangalore,Delhi,0,1,Low
1393,51,Male,Mumbai,Bangalore,0,2,Low
1394,33,Male,Mumbai,Pune,1,2,Medium
1395,30,Female,Bangalore,Delhi,1,4,High
1396,29,Male,Mumbai,Pune,1,3,Medium
1397,35,Female,Bangalore,Delhi,0,3,Low
1398,49,Male,Delhi,Delhi,1,1,High
1399,40,Female,Mumbai,Bangalore,1,3,High
1400,39,Female,Delhi,Pune,0,4,Medium
1401,53,Male,Bangalore,Delhi,0,5,Medium
1402,56,Female,Bangalore,Pune,0,4,Low
1403,33,Male,Mumbai,Bangalore,1,5,High
1404,45,Female,Bangalore,Delhi,1,4,High
1405,39,Male,Bangalore,Delhi,1,2,Low
1406,50,Male,Mumbai,Bangalore,1,4,High
1407,60,Female,Bangalore,Pune,0,5,High
1408,49,Female,Delhi,Pune,1,2,Medium
1409,58,Female,Bangalore,Bangalore,1,1,Medium
1410,38,Female,Delhi,Bangalore,1,2,Medium
1411,30,Male,Bangalore,Bangalore,1,2,Low
1412,59,Male,Delhi,Delhi,1,2,High
1413,29,Female,Delhi,Delhi,1,4,High
1414,41,Female,Mumbai,Pune,1,2,High
1415,19,Female,Bangalore,Bangalore,0,4,High
1416,53,Male,Mumbai,Bangalore,0,3,Medium
1417,57,Male,Delhi,Bangalore,1,5,High
1418,36,Male,Delhi,Delhi,1,1,High
1419,19,Female,Mumbai,Pune,1,1,High
1420,27,Female,Mumbai,Pune,0,3,High
1421,47,Female,Delhi,Bangalore,0,1,High
1422,28,Female,Bangalore,Pune,1,4,Low
1423,31,Male,Mumbai,Pune,1,1,Medium
1424,28,Male,Mumbai,Bangalore,1,5,Low
1425,33,Female,Delhi,Bangalore,1,1,High
1426,48,Female,Bangalore,Bangalore,1,4,High
1427,33,Female,Bangalore,Delhi,1,3,Low
1428,53,Female,Bangalore,Pune,1,1,Low
1429,20,Male,Mumbai,Pune,1,1,Medium
1430,52,Female,Mumbai,Pune,0,1,Low
1431,42,Female,Mumbai,Pune,1,5,Low
1432,33,Female,Mumbai,Delhi,1,1,Medium
1433,58,Male,Mumbai,Bangalore,0,5,Medium
1434,24,Male,Delhi,Pune,0,1,Medium
1435,53,Male,Delhi,Pune,0,2,High
1436,24,Female,Mumbai,Bangalore,0,1,High
1437,26,Male,Bangalore,Delhi,1,1,High
1438,23,Male,Mumbai,Delhi,1,5,High
1439,43,Male,Delhi,Pune,1,1,Low
1440,20,Female,Bangalore,Delhi,0,1,High
1441,56,Male,Mumbai,Bangalore,0,3,Medium
1442,40,Male,Delhi,Delhi,0,3,Medium
1443,57,Male,Bangalore,Pune,0,3,Medium
1444,58,Male,Mumbai,Delhi,1,5,Medium
1445,37,Male,Mumbai,Delhi,1,5,Low
1446,46,Male,Bangalore,Bangalore,1,5,Medium
1447,41,Male,Bangalore,Pune,0,3,High
1448,40,Male,Delhi,Bangalore,0,4,Low
1449,45,Male,Delhi,Pune,0,2,Medium
1450,27,Male,Bangalore,Bangalore,0,3,Medium
1451,37,Male,Bangalore,Bangalore,0,1,Low
1452,26,Male,Delhi,Delhi,1,5,Low
1453,54,Female,Mumbai,Delhi,1,5,High
1454,18,Female,Mumbai,Pune,0,1,Low
1455,35,Female,Delhi,Bangalore,1,4,Low
1456,56,Male,Mumbai,Delhi,1,3,Medium
1457,59,Male,Mumbai,Pune,1,5,Medium
1458,27,Female,Mumbai,Pune,1,4,High
1459,51,Female,Mumbai,Pune,0,3,Medium
1460,18,Male,Mumbai,Delhi,1,4,High
1461,55,Male,Delhi,Bangalore,0,1,High
1462,57,Male,Bangalore,Delhi,0,3,Medium
1463,36,Female,Delhi,Bangalore,0,4,Medium
1464,35,Female,Delhi,Bangalore,1,4,Medium
1465,60,Female,Delhi,Pune,0,2,Medium
1466,50,Female,Mumbai,Pune,1,2,High
1467,22,Female,Bangalore,Bangalore,1,1,Low
1468,30,Female,Delhi,Bangalore,1,1,Medium
1469,32,Female,Delhi,Pune,0,3,High
1470,56,Male,Mumbai,Pune,1,5,Low
1471,52,Male,Bangalore,Delhi,0,5,Medium
1472,41,Male,Delhi,Pune,1,4,High
1473,47,Male,Delhi,Pune,0,1,Low
1474,48,Female,Delhi,Delhi,1,5,Low
1475,33,Male,Mumbai,Pune,1,5,Medium
1476,37,Female,Delhi,Delhi,0,3,Medium
1477,50,Female,Bangalore,Delhi,0,5,High
1478,58,Female,Mumbai,Delhi,0,5,Medium
1479,53,Female,Bangalore,Bangalore,1,4,Medium
1480,49,Female,Delhi,Pune,0,4,Medium
1481,40,Female,Delhi,Pune,1,3,High
1482,33,Female,Bangalore,Pune,1,2,Low
1483,22,Male,Mumbai,Delhi,1,4,Medium
1484,33,Female,Delhi,Pune,1,5,High
1485,58,Female,Bangalore,Pune,1,4,High
1486,55,Female,Mumbai,Delhi,0,2,Low
1487,29,Female,Mumbai,Pune,1,1,Low
1488,22,Male,Bangalore,Pune,0,1,Low
1489,54,Female,Delhi,Pune,0,3,High
1490,41,Female,Bangalore,Bangalore,1,1,Low
1491,40,Female,Bangalore,Pune,1,2,High
1492,52,Female,Mumbai,Delhi,1,3,Low
1493,46,Male,Bangalore,Delhi,1,5,Medium
1494,57,Male,Delhi,Pune,0,1,Medium
1495,48,Male,Bangalore,Bangalore,0,3,Low
1496,40,Female,Mumbai,Bangalore,1,1,Medium
1497,54,Female,Bangalore,Bangalore,1,1,Low
1498,50,Male,Delhi,Delhi,1,5,Low
1499,34,Female,Delhi,Pune,1,5,High
1500,35,Female,Delhi,Bangalore,1,3,Medium
1501,21,Female,Delhi,Pune,1,1,Medium
1502,55,Male,Delhi,Pune,0,2,Low
1503,18,Male,Delhi,Pune,1,1,Medium
1504,48,Female,Bangalore,Pune,1,1,High
1505,28,Male,Delhi,Delhi,1,4,Low
1506,47,Female,Bangalore,Delhi,1,3,Medium
1507,51,Female,Delhi,Delhi,1,4,High
1508,44,Male,Delhi,Bangalore,1,2,High
1509,31,Female,Delhi,Pune,1,5,Low
1510,27,Female,Delhi,Bangalore,1,5,Low
1511,40,Female,Bangalore,Bangalore,1,3,Medium
1512,37,Female,Bangalore,Delhi,0,2,High
1513,60,Female,Mumbai,Pune,1,5,Medium
1514,55,Female,Mumbai,Delhi,0,2,Low
1515,50,Female,Bangalore,Bangalore,1,4,Medium
1516,38,Female,Delhi,Bangalore,1,1,Medium
1517,50,Male,Bangalore,Delhi,0,5,High
1518,32,Male,Bangalore,Bangalore,0,4,Medium
1519,45,Female,Delhi,Pune,1,3,Low
1520,39,Male,Mumbai,Bangalore,1,4,Low
1521,53,Male,Bangalore,Pune,1,4,Medium
1522,41,Male,Mumbai,Delhi,0,3,Low
1523,29,Male,Bangalore,Delhi,1,4,High
1524,43,Female,Bangalore,Pune,0,3,High
1525,37,Male,Delhi,Delhi,0,4,Low
1526,53,Male,Bangalore,Bangalore,0,5,Low
1527,42,Male,Mumbai,Bangalore,1,1,High
1528,36,Male,Mumbai,Pune,1,4,Low
1529,40,Female,Bangalore,Pune,1,4,Medium
1530,51,Male,Bangalore,Pune,1,2,Low
1531,59,Female,Mumbai,Bangalore,1,3,High
1532,41,Female,Mumbai,Pune,0,4,Medium
1533,36,Male,Bangalore,Bangalore,0,1,Low
1534,25,Male,Delhi,Pune,1,5,High
1535,18,Female,Bangalore,Delhi,1,3,Low
1536,29,Male,Mumbai,Pune,1,3,Medium
1537,29,Female,Delhi,Bangalore,0,3,Medium
1538,32,Female,Bangalore,Delhi,1,3,Low
1539,28,Female,Mumbai,Delhi,1,1,High
1540,47,Male,Delhi,Pune,1,3,Low
1541,46,Female,Mumbai,Pune,1,1,Low
1542,55,Male,Mumbai,Pune,1,5,Low
1543,38,Female,Bangalore,Pune,1,3,High
1544,26,Female,Mumbai,Pune,1,1,High
1545,54,Female,Delhi,Bangalore,0,3,Medium
1546,18,Male,Delhi,Delhi,0,3,Medium
1547,39,Female,Delhi,Delhi,0,5,High
1548,39,Female,Bangalore,Delhi,0,4,Medium
1549,46,Female,Mumbai,Pune,0,4,Low
1550,21,Female,Delhi,Bangalore,1,2,Low
1551,27,Male,Mumbai,Bangalore,1,4,Medium
1552,46,Male,Delhi,Delhi,1,5,Medium
1553,34,Male,Bangalore,Bangalore,1,1,High
1554,19,Female,Mumbai,Pune,0,2,High
1555,21,Female,Delhi,Delhi,1,5,Low
1556,28,Female,Delhi,Bangalore,1,4,Low
1557,28,Female,Bangalore,Delhi,1,4,High
1558,37,Female,Mumbai,Pune,1,2,Low
1559,41,Female,Delhi,Pune,1,2,Low
1560,44,Male,Delhi,Bangalore,0,2,High
1561,51,Female,Delhi,Pune,1,3,Medium
1562,35,Male,Delhi,Delhi,1,5,Low
1563,40,Female,Bangalore,Bangalore,1,3,Low
1564,60,Female,Bangalore,Delhi,1,4,Medium
1565,26,Female,Bangalore,Pune,1,3,Medium
1566,21,Male,Mumbai,Pune,1,1,Low
1567,22,Female,Delhi,Bangalore,1,4,High
1568,55,Male,Delhi,Pune,1,5,Low
1569,41,Male,Delhi,Delhi,0,3,High
1570,28,Male,Bangalore,Bangalore,1,5,Medium
1571,20,Female,Bangalore,Bangalore,0,3,High
1572,57,Male,Mumbai,Bangalore,1,2,High
1573,55,Female,Delhi,Pune,0,1,Medium
1574,48,Male,Mumbai,Delhi,1,2,Medium
1575,33,Female,Bangalore,Bangalore,0,3,Low
1576,28,Female,Bangalore,Pune,1,2,Medium
1577,53,Female,Bangalore,Delhi,1,4,Low
1578,26,Male,Bangalore,Delhi,1,4,Medium
1579,30,Female,Bangalore,Pune,0,3,Medium
1580,38,Male,Bangalore,Pune,1,5,Low
1581,43,Male,Delhi,Bangalore,0,5,High
1582,29,Female,Bangalore,Delhi,0,1,Medium
1583,57,Female,Mumbai,Bangalore,1,5,Low
1584,38,Male,Bangalore,Delhi,0,4,Medium
1585,19,Male,Delhi,Pune,1,4,Medium
1586,47,Male,Bangalore,Pune,1,5,Low
1587,31,Male,Mumbai,Delhi,0,2,High
1588,52,Male,Bangalore,Delhi,0,3,Medium
1589,43,Female,Delhi,Bangalore,1,3,High
1590,19,Female,Bangalore,Bangalore,1,2,Low
1591,28,Male,Bangalore,Delhi,1,3,High
1592,42,Male,Mumbai,Pune,1,3,Low
1593,54,Male,Bangalore,Pune,1,1,Medium
1594,59,Male,Bangalore,Delhi,1,1,Medium
1595,60,Male,Delhi,Pune,1,1,High
1596,59,Male,Delhi,Bangalore,1,5,Low
1597,29,Female,Bangalore,Pune,1,3,Low
1598,58,Male,Mumbai,Delhi,1,3,Low
1599,28,Male,Delhi,Delhi,1,4,Low
1600,53,Male,Mumbai,Bangalore,1,1,Low
1601,32,Male,Mumbai,Delhi,0,1,High
1602,19,Female,Delhi,Bangalore,1,4,Medium
1603,24,Male,Bangalore,Bangalore,1,5,Medium
1604,46,Male,Delhi,Delhi,1,3,Low
1605,19,Female,Bangalore,Pune,1,5,Low
1606,51,Female,Mumbai,Bangalore,1,4,High
1607,36,Male,Bangalore,Bangalore,1,4,High
1608,35,Female,Delhi,Pune,1,5,Medium
1609,33,Male,Bangalore,Bangalore,0,1,High
1610,20,Male,Delhi,Pune,1,2,Medium
1611,52,Male,Mumbai,Delhi,1,5,Medium
1612,39,Female,Bangalore,Delhi,0,3,Medium
1613,35,Male,Mumbai,Bangalore,0,2,High
1614,21,Male,Bangalore,Bangalore,0,4,Low
1615,36,Female,Bangalore,Pune,1,3,High
1616,31,Male,Delhi,Bangalore,1,1,High
1617,20,Female,Delhi,Pune,0,3,Medium
1618,60,Female,Delhi,Delhi,1,5,Low
1619,60,Female,Bangalore,Pune,0,3,High
1620,59,Female,Mumbai,Bangalore,1,1,Medium
1621,39,Male,Bangalore,Pune,1,4,High
1622,23,Female,Bangalore,Pune,1,3,High
1623,19,Male,Bangalore,Bangalore,1,5,Medium
1624,22,Male,Bangalore,Pune,1,3,Medium
1625,41,Male,Mumbai,Pune,1,1,Low
1626,23,Female,Mumbai,Bangalore,0,4,Medium
1627,47,Male,Bangalore,Bangalore,1,3,High
1628,49,Male,Bangalore,Delhi,1,3,High
1629,21,Male,Delhi,Bangalore,0,4,Low
1630,60,Male,Bangalore,Delhi,1,3,High
1631,38,Male,Delhi,Delhi,1,3,High
1632,36,Male,Mumbai,Delhi,1,3,Medium
1633,25,Female,Bangalore,Bangalore,0,5,Medium
1634,32,Male,Delhi,Delhi,1,5,Low
1635,38,Male,Mumbai,Pune,1,5,Medium
1636,37,Male,Bangalore,Bangalore,0,4,Low
1637,59,Female,Bangalore,Delhi,0,5,High
1638,28,Male,Mumbai,Delhi,0,2,High
1639,25,Male,Mumbai,Delhi,0,5,Medium
1640,33,Male,Mumbai,Bangalore,0,5,Medium
1641,32,Male,Mumbai,Delhi,0,5,High
1642,56,Female,Bangalore,Pune,1,2,Low
1643,24,Male,Bangalore,Pune,1,2,High
1644,59,Male,Mumbai,Delhi,0,2,Medium
1645,40,Female,Bangalore,Pune,0,2,Low
1646,57,Male,Delhi,Pune,0,1,Medium
1647,60,Male,Mumbai,Bangalore,1,2,Low
1648,28,Female,Delhi,Bangalore,0,5,Low
1649,59,Female,Delhi,Delhi,1,3,Low
1650,22,Male,Mumbai,Delhi,1,1,Medium
1651,36,Female,Mumbai,Pune,0,4,Low
1652,28,Female,Delhi,Pune,1,2,Medium
1653,39,Male,Bangalore,Delhi,0,2,Medium
1654,29,Female,Bangalore,Delhi,0,3,Medium
1655,48,Female,Mumbai,Bangalore,0,1,Medium
1656,39,Male,Bangalore,Bangalore,0,3,Medium
1657,43,Male,Delhi,Pune,0,5,Low
1658,58,Male,Mumbai,Delhi,1,4,High
1659,56,Male,Mumbai,Delhi,1,3,Low
1660,46,Male,Delhi,Delhi,1,1,Medium
1661,35,Female,Bangalore,Delhi,1,2,Medium
1662,52,Female,Bangalore,Delhi,0,4,Low
1663,30,Female,Delhi,Bangalore,1,3,High
1664,46,Male,Mumbai,Delhi,1,4,Medium
1665,21,Male,Mumbai,Bangalore,0,2,Medium
1666,27,Female,Bangalore,Pune,0,4,Low
1667,46,Male,Bangalore,Bangalore,1,2,High
1668,39,Male,Delhi,Bangalore,1,4,Medium
1669,53,Male,Mumbai,Pune,1,1,Medium
1670,27,Male,Bangalore,Pune,1,5,Medium
1671,52,Male,Delhi,Delhi,1,2,High
1672,47,Female,Mumbai,Bangalore,0,3,Low
1673,56,Male,Bangalore,Bangalore,1,2,Low
1674,55,Male,Bangalore,Bangalore,1,3,Medium
1675,58,Male,Delhi,Delhi,0,5,Low
1676,60,Male,Mumbai,Bangalore,0,2,Low
1677,37,Male,Delhi,Pune,1,1,High
1678,37,Female,Delhi,Delhi,0,3,Low
1679,31,Female,Bangalore,Delhi,1,4,High
1680,46,Male,Bangalore,Pune,1,2,Medium
1681,60,Female,Bangalore,Pune,0,3,Medium
1682,43,Male,Mumbai,Bangalore,0,4,Medium
1683,30,Female,Delhi,Delhi,0,4,High
1684,24,Female,Bangalore,Bangalore,1,5,High
1685,38,Male,Mumbai,Pune,0,3,Medium
1686,53,Male,Delhi,Bangalore,1,3,High
1687,48,Male,Mumbai,Bangalore,1,2,Low
1688,58,Female,Delhi,Delhi,0,2,High
1689,35,Female,Mumbai,Pune,0,1,Low
1690,46,Female,Delhi,Pune,1,3,Medium
1691,35,Male,Bangalore,Pune,1,3,High
1692,43,Male,Bangalore,Bangalore,1,4,Low
1693,33,Female,Mumbai,Bangalore,1,4,Medium
1694,22,Male,Delhi,Delhi,0,4,High
1695,55,Female,Bangalore,Delhi,1,1,Low
1696,21,Male,Bangalore,Pune,1,2,High
1697,30,Female,Delhi,Delhi,1,1,Low
1698,55,Male,Delhi,Bangalore,1,4,High
1699,34,Female,Delhi,Bangalore,0,1,Low
1700,47,Female,Delhi,Bangalore,1,3,Low
1701,58,Female,Delhi,Pune,0,5,Low
1702,31,Male,Bangalore,Pune,1,1,High
1703,38,Male,Bangalore,Pune,0,3,High
1704,48,Male,Bangalore,Bangalore,0,2,High
1705,39,Female,Delhi,Bangalore,0,1,Medium
1706,32,Female,Mumbai,Pune,1,5,High
1707,27,Female,Delhi,Bangalore,0,2,Low
1708,45,Male,Mumbai,Delhi,0,5,Medium
1709,60,Male,Mumbai,Pune,1,2,Low
1710,43,Female,Delhi,Pune,0,1,High
1711,44,Female,Delhi,Delhi,0,2,Medium
1712,20,Female,Mumbai,Delhi,1,4,Medium
1713,60,Female,Bangalore,Bangalore,0,1,Medium
1714,51,Female,Mumbai,Delhi,1,3,High
1715,42,Female,Delhi,Bangalore,0,1,High
1716,22,Female,Mumbai,Pune,1,5,High
1717,35,Male,Mumbai,Delhi,1,1,High
1718,58,Female,Delhi,Delhi,0,2,High
1719,49,Male,Mumbai,Bangalore,1,3,High
1720,18,Female,Delhi,Pune,1,5,Medium
1721,29,Female,Mumbai,Pune,1,2,Low
1722,51,Male,Mumbai,Bangalore,0,3,Medium
1723,24,Male,Delhi,Bangalore,1,2,Medium
1724,50,Female,Bangalore,Bangalore,0,1,High
1725,51,Male,Bangalore,Pune,1,2,High
1726,44,Male,Bangalore,Pune,0,4,Low
1727,30,Female,Delhi,Bangalore,1,1,High
1728,44,Male,Mumbai,Bangalore,1,5,Medium
1729,41,Female,Mumbai,Delhi,1,4,High
1730,53,Male,Mumbai,Bangalore,1,2,High
1731,24,Male,Mumbai,Pune,1,3,High
1732,18,Male,Bangalore,Bangalore,1,1,Medium
1733,47,Male,Mumbai,Delhi,0,3,Low
1734,18,Female,Bangalore,Delhi,0,4,High
1735,57,Female,Mumbai,Pune,0,5,Medium
1736,32,Female,Bangalore,Bangalore,0,1,High
1737,30,Female,Mumbai,Bangalore,0,5,Medium
1738,51,Female,Bangalore,Pune,0,1,High
1739,48,Female,Bangalore,Delhi,1,4,Low
1740,52,Male,Mumbai,Delhi,1,3,Low
1741,31,Female,Delhi,Bangalore,1,1,Low
1742,32,Female,Mumbai,Pune,0,1,Medium
1743,26,Female,Mumbai,Delhi,0,3,High
1744,35,Female,Mumbai,Bangalore,1,1,Medium
1745,25,Female,Bangalore,Delhi,1,3,Low
1746,47,Female,Mumbai,Delhi,1,5,High
1747,21,Male,Bangalore,Bangalore,1,2,Low
1748,36,Male,Bangalore,Delhi,1,3,High
1749,53,Female,Bangalore,Bangalore,1,4,High
1750,38,Female,Delhi,Bangalore,1,4,Medium
1751,46,Male,Mumbai,Bangalore,0,1,Low
1752,41,Male,Delhi,Delhi,1,1,Medium
1753,32,Male,Mumbai,Delhi,1,3,Low
1754,31,Male,Delhi,Delhi,0,3,Medium
1755,40,Female,Delhi,Bangalore,1,2,Low
1756,23,Male,Mumbai,Pune,1,2,High
1757,19,Female,Delhi,Pune,0,3,Low
1758,27,Male,Delhi,Bangalore,0,5,Medium
1759,55,Female,Bangalore,Bangalore,1,3,High
1760,19,Female,Delhi,Pune,1,1,Medium
1761,53,Female,Bangalore,Bangalore,1,5,High
1762,55,Male,Mumbai,Bangalore,1,5,High
1763,40,Male,Bangalore,Delhi,1,5,Low
1764,33,Female,Delhi,Bangalore,0,2,Low
1765,18,Male,Bangalore,Bangalore,0,2,Low
1766,55,Female,Mumbai,Bangalore,0,2,High
1767,57,Female,Mumbai,Bangalore,0,2,Medium
1768,31,Female,Delhi,Delhi,0,5,High
1769,33,Male,Delhi,Delhi,0,5,Low
1770,57,Female,Bangalore,Delhi,0,2,Low
1771,58,Female,Delhi,Delhi,1,4,High
1772,57,Male,Bangalore,Bangalore,0,3,Low
1773,51,Male,Mumbai,Bangalore,1,2,High
1774,30,Male,Bangalore,Bangalore,1,1,Low
1775,26,Male,Delhi,Delhi,1,3,High
1776,43,Female,Mumbai,Pune,0,3,Medium
1777,53,Female,Mumbai,Pune,0,4,Medium
1778,41,Male,Mumbai,Delhi,1,3,High
1779,40,Male,Mumbai,Pune,0,3,Medium
1780,44,Male,Bangalore,Pune,1,2,Low
1781,60,Female,Bangalore,Bangalore,0,2,Medium
1782,32,Male,Mumbai,Pune,1,3,Low
1783,26,Male,Mumbai,Pune,0,3,High
1784,36,Male,Delhi,Bangalore,0,5,Medium
1785,22,Female,Delhi,Delhi,1,2,High
1786,30,Male,Bangalore,Bangalore,0,2,Medium
1787,39,Female,Delhi,Delhi,0,1,High
1788,38,Male,Mumbai,Delhi,0,4,High
1789,28,Female,Bangalore,Delhi,0,3,Medium
1790,51,Female,Bangalore,Delhi,1,2,Medium
1791,60,Female,Mumbai,Bangalore,0,5,Medium
1792,18,Female,Bangalore,Pune,1,2,Medium
1793,49,Male,Bangalore,Pune,1,2,Low
1794,31,Female,Bangalore,Delhi,1,1,High
1795,60,Female,Delhi,Pune,0,4,Medium
1796,58,Female,Mumbai,Delhi,0,5,Low
1797,47,Female,Delhi,Delhi,1,1,Low
1798,60,Female,Mumbai,Delhi,0,3,High
1799,45,Male,Delhi,Pune,1,2,High
1800,21,Female,Bangalore,Pune,0,1,Low
1801,27,Female,Mumbai,Pune,0,3,Low
1802,33,Male,Delhi,Pune,1,5,Medium
1803,31,Female,Mumbai,Delhi,1,4,Low
1804,32,Female,Mumbai,Bangalore,0,5,Medium
1805,32,Female,Mumbai,Bangalore,0,3,High
1806,34,Female,Delhi,Pune,0,5,High
1807,35,Male,Delhi,Bangalore,0,4,High
1808,35,Female,Delhi,Bangalore,1,3,High
1809,22,Male,Bangalore,Bangalore,0,2,High
1810,35,Male,Bangalore,Bangalore,0,2,Low
1811,28,Male,Mumbai,Delhi,0,5,Medium
1812,36,Male,Bangalore,Pune,0,2,Low
1813,48,Male,Delhi,Pune,1,4,Medium
1814,36,Female,Bangalore,Pune,1,4,Medium
1815,47,Female,Bangalore,Pune,0,5,Medium
1816,41,Male,Bangalore,Pune,1,2,Medium
1817,39,Female,Bangalore,Pune,0,5,Medium
1818,51,Male,Bangalore,Delhi,1,4,Medium
1819,35,Male,Delhi,Pune,1,4,High
1820,51,Female,Delhi,Bangalore,0,3,High
1821,55,Female,Delhi,Bangalore,0,5,High
1822,25,Male,Mumbai,Bangalore,0,3,Low
1823,57,Male,Mumbai,Bangalore,1,4,Low
1824,24,Female,Mumbai,Delhi,1,3,Medium
1825,58,Male,Bangalore,Bangalore,1,3,Medium
1826,20,Female,Delhi,Pune,0,5,Medium
1827,34,Male,Bangalore,Pune,1,4,Low
1828,24,Male,Mumbai,Delhi,0,2,High
1829,39,Female,Mumbai,Delhi,0,1,Medium
1830,33,Female,Bangalore,Bangalore,0,1,Medium
1831,30,Female,Delhi,Bangalore,1,3,Low
1832,35,Female,Mumbai,Delhi,1,2,Low
1833,40,Female,Mumbai,Pune,0,2,Medium
1834,44,Male,Bangalore,Delhi,1,3,Medium
1835,24,Female,Mumbai,Bangalore,1,4,High
1836,26,Male,Delhi,Bangalore,0,1,High
1837,35,Male,Bangalore,Pune,0,4,Low
1838,32,Female,Bangalore,Pune,0,1,Medium
1839,35,Female,Mumbai,Pune,1,2,Low
1840,21,Male,Bangalore,Pune,1,3,High
1841,54,Male,Mumbai,Pune,1,2,Low
1842,31,Male,Mumbai,Bangalore,1,4,High
1843,35,Female,Delhi,Bangalore,0,3,Medium
1844,60,Female,Delhi,Delhi,1,5,High
1845,34,Male,Bangalore,Pune,1,1,High
1846,26,Male,Bangalore,Delhi,0,3,High
1847,39,Male,Bangalore,Bangalore,0,2,Low
1848,28,Male,Bangalore,Delhi,1,3,Low
1849,50,Male,Mumbai,Delhi,1,1,Low
1850,34,Male,Bangalore,Bangalore,0,4,Medium
1851,41,Female,Mumbai,Delhi,1,2,High
1852,45,Female,Delhi,Pune,0,2,Low
1853,49,Male,Delhi,Delhi,1,2,Low
1854,35,Male,Mumbai,Pune,1,1,Medium
1855,32,Male,Mumbai,Delhi,0,5,Low
1856,57,Male,Mumbai,Delhi,0,4,High
1857,30,Male,Bangalore,Pune,0,4,High
1858,18,Male,Mumbai,Bangalore,0,1,Medium
1859,20,Female,Delhi,Bangalore,0,4,Medium
1860,54,Female,Mumbai,Pune,1,2,Medium
1861,56,Female,Delhi,Pune,1,5,High
1862,33,Female,Bangalore,Delhi,1,4,Medium
1863,32,Female,Bangalore,Delhi,1,3,Medium
1864,39,Male,Bangalore,Bangalore,1,1,Low
1865,60,Male,Delhi,Delhi,0,2,High
1866,35,Male,Bangalore,Pune,1,3,Low
1867,47,Male,Bangalore,Pune,0,4,Low
1868,18,Female,Delhi,Bangalore,1,4,Low
1869,27,Male,Mumbai,Pune,1,5,Medium
1870,18,Female,Bangalore,Delhi,1,4,High
1871,33,Male,Delhi,Bangalore,1,3,Medium
1872,24,Female,Mumbai,Delhi,0,2,Medium
1873,20,Female,Bangalore,Delhi,1,2,High
1874,48,Female,Bangalore,Bangalore,1,5,Medium
1875,50,Female,Mumbai,Delhi,0,5,Medium
1876,22,Male,Bangalore,Delhi,0,5,High
1877,55,Male,Bangalore,Delhi,0,4,High
1878,39,Female,Delhi,Delhi,1,3,High
1879,31,Male,Delhi,Pune,0,5,Low
1880,48,Female,Mumbai,Delhi,0,4,Medium
1881,39,Male,Delhi,Delhi,0,5,Medium
1882,18,Female,Delhi,Bangalore,1,4,High
1883,42,Male,Delhi,Pune,1,3,High
1884,23,Female,Delhi,Bangalore,1,1,High
1885,49,Male,Delhi,Delhi,1,5,Medium
1886,55,Male,Mumbai,Delhi,0,4,High
1887,36,Female,Bangalore,Bangalore,1,4,Low
1888,32,Male,Delhi,Delhi,1,3,Low
1889,36,Female,Mumbai,Pune,0,3,High
1890,26,Female,Delhi,Bangalore,1,4,High
1891,26,Male,Delhi,Delhi,0,4,High
1892,34,Male,Bangalore,Pune,0,5,Medium
1893,44,Male,Delhi,Bangalore,0,4,Low
1894,44,Female,Bangalore,Delhi,0,4,Low
1895,36,Male,Delhi,Pune,1,1,High
1896,60,Male,Mumbai,Bangalore,1,3,High
1897,23,Female,Bangalore,Bangalore,1,2,High
1898,25,Male,Mumbai,Bangalore,1,2,Medium
1899,39,Male,Delhi,Pune,1,1,Medium
1900,38,Male,Delhi,Pune,1,5,High
1901,59,Female,Delhi,Delhi,1,1,High
1902,23,Male,Bangalore,Pune,0,5,High
1903,55,Female,Mumbai,Delhi,1,1,High
1904,27,Female,Bangalore,Bangalore,1,1,Low
1905,26,Female,Delhi,Bangalore,1,1,High
1906,38,Male,Mumbai,Delhi,1,4,Low
1907,39,Male,Delhi,Pune,0,2,High
1908,23,Female,Delhi,Delhi,0,2,High
1909,46,Female,Delhi,Delhi,0,2,High
1910,57,Male,Bangalore,Pune,0,1,Low
1911,19,Male,Mumbai,Delhi,1,3,High
1912,41,Female,Delhi,Delhi,1,3,Low
1913,55,Male,Bangalore,Delhi,0,1,Low
1914,57,Female,Bangalore,Pune,1,3,Low
1915,35,Male,Bangalore,Pune,1,1,Low
1916,21,Female,Delhi,Bangalore,1,5,Medium
1917,51,Female,Delhi,Delhi,0,1,High
1918,44,Female,Mumbai,Delhi,1,1,Low
1919,51,Female,Mumbai,Pune,0,1,Medium
1920,53,Female,Delhi,Pune,0,5,Medium
1921,32,Female,Delhi,Bangalore,0,3,Low
1922,43,Female,Bangalore,Pune,1,4,Low
1923,48,Female,Mumbai,Pune,1,4,Low
1924,52,Female,Bangalore,Pune,0,2,Medium
1925,46,Male,Mumbai,Pune,0,4,Medium
1926,32,Female,Mumbai,Pune,1,4,Medium
1927,19,Male,Delhi,Pune,1,4,Medium
1928,48,Male,Delhi,Bangalore,0,5,Medium
1929,19,Female,Mumbai,Pune,1,5,Medium
1930,41,Male,Delhi,Bangalore,1,1,High
1931,40,Female,Delhi,Bangalore,1,5,Medium
1932,48,Male,Delhi,Bangalore,0,4,High
1933,37,Female,Delhi,Delhi,1,5,Medium
1934,59,Male,Bangalore,Bangalore,1,2,Low
1935,59,Female,Mumbai,Delhi,0,5,Medium
1936,54,Female,Mumbai,Bangalore,0,1,Low
1937,27,Male,Bangalore,Bangalore,0,1,High
1938,23,Male,Delhi,Bangalore,1,5,Low
1939,35,Female,Mumbai,Delhi,1,3,High
1940,42,Female,Delhi,Delhi,0,1,Low
1941,31,Male,Delhi,Delhi,1,3,High
1942,36,Male,Bangalore,Pune,0,3,Medium
1943,43,Female,Delhi,Pune,1,5,High
1944,43,Male,Delhi,Bangalore,1,3,Low
1945,34,Male,Bangalore,Bangalore,1,3,High
1946,46,Female,Mumbai,Bangalore,1,5,Low
1947,46,Male,Mumbai,Delhi,1,2,Low
1948,20,Male,Bangalore,Delhi,0,1,Low
1949,49,Male,Mumbai,Pune,1,2,Medium
1950,30,Female,Delhi,Delhi,0,2,Medium
1951,29,Male,Delhi,Pune,1,5,Medium
1952,20,Female,Bangalore,Delhi,1,2,High
1953,28,Male,Delhi,Pune,0,4,Low
1954,26,Female,Delhi,Pune,1,3,Medium
1955,44,Male,Mumbai,Bangalore,0,2,Medium
1956,41,Male,Bangalore,Pune,0,2,Low
1957,45,Male,Mumbai,Delhi,1,1,High
1958,47,Female,Delhi,Bangalore,0,2,Medium
1959,31,Male,Mumbai,Bangalore,0,4,High
1960,44,Male,Mumbai,Pune,1,5,High
1961,42,Male,Mumbai,Pune,1,5,High
1962,19,Female,Mumbai,Bangalore,0,3,Low
1963,40,Male,Mumbai,Delhi,0,2,Low
1964,22,Female,Mumbai,Delhi,0,2,High
1965,42,Female,Delhi,Bangalore,0,3,Low
1966,20,Male,Delhi,Bangalore,1,3,High
1967,26,Female,Mumbai,Pune,1,1,High
1968,27,Female,Mumbai,Delhi,1,4,Medium
1969,43,Male,Delhi,Delhi,1,3,Medium
1970,18,Female,Mumbai,Delhi,1,4,Low
1971,42,Male,Delhi,Pune,1,4,High
1972,47,Male,Delhi,Delhi,0,2,High
1973,35,Female,Delhi,Delhi,1,5,Medium
1974,59,Male,Delhi,Pune,0,5,Low
1975,51,Female,Bangalore,Delhi,1,5,Medium
1976,22,Male,Delhi,Delhi,1,3,Medium
1977,25,Female,Delhi,Bangalore,0,3,Medium
1978,35,Female,Delhi,Bangalore,1,3,High
1979,23,Male,Bangalore,Delhi,1,5,Low
1980,42,Male,Mumbai,Bangalore,0,1,Medium
1981,47,Female,Delhi,Pune,1,3,High
1982,26,Female,Mumbai,Bangalore,1,2,Low
1983,53,Female,Bangalore,Pune,0,5,Low
1984,23,Female,Delhi,Pune,0,5,High
1985,29,Male,Delhi,Pune,0,4,High
1986,41,Female,Mumbai,Pune,1,4,Medium
1987,37,Male,Bangalore,Pune,1,4,Medium
1988,44,Female,Delhi,Delhi,0,3,Low
1989,33,Female,Delhi,Bangalore,0,5,High
1990,47,Male,Delhi,Pune,1,4,Low
1991,19,Male,Bangalore,Bangalore,1,3,Medium
1992,28,Male,Bangalore,Bangalore,1,4,Medium
1993,53,Male,Mumbai,Delhi,1,3,Low
1994,35,Male,Bangalore,Bangalore,0,5,Medium
1995,20,Male,Mumbai,Bangalore,1,1,Medium
1996,45,Female,Delhi,Delhi,1,2,Low
1997,34,Male,Delhi,Delhi,1,1,High
1998,53,Male,Delhi,Pune,1,4,High
1999,49,Male,Bangalore,Delhi,1,3,Low
2000,20,Female,Bangalore,Bangalore,0,3,Medium
